도로명주소,Latitude,Longitude,geometry,AOT,B1,B2,B3,B4,B5,B6,B7,B8A,B11,B12,SCL,TCI,WVP,Date
충청남도 아산시 둔포면 중앙공원로 43,36.9202752,127.0608668,POINT (327274.32121116144 4087784.4709480437),354.0,1812.0,1948.0,2004.0,2139.0,2473.0,2841.0,3007.0,3289.0,2586.0,3203.0,5.0,115.0,504.0,20200103
충청남도 아산시 송악면 송악로 790,36.7316409,127.008961,POINT (322214.2680554545 4066950.9830622626),354.0,3561.0,3651.0,3356.0,3242.0,3403.0,3462.0,3550.0,3683.0,3160.0,3652.0,8.0,227.0,422.0,20200103
충청남도 아산시 배방읍 장재리 2116,36.7844748,127.1013253,POINT (330578.923441488 4072645.1873399825),348.0,2436.0,2463.0,2464.0,2453.0,2613.0,2772.0,2859.0,2685.0,2253.0,2939.0,5.0,147.0,586.0,20200103
충청남도 아산시 인주면 인주산단로 23-28,36.8734759,126.8795433,POINT (311005.7654614598 4082935.8596934597),366.0,2280.0,2476.0,2492.0,2578.0,2794.0,2938.0,3064.0,3427.0,2818.0,3314.0,5.0,162.0,618.0,20200103
충남 아산시 도고면 기곡리 296-4,36.762523,126.8887276,POINT (311552.49051921687 4070607.3464196227),360.0,2096.0,2161.0,2198.0,2296.0,2440.0,2475.0,2539.0,2991.0,2643.0,2518.0,5.0,136.0,503.0,20200103
충남 아산시 배방읍 배방로 38,36.7711814,127.0617795,POINT (327019.94021236553 4071241.106559802),348.0,2308.0,2410.0,2402.0,2351.0,2452.0,2510.0,2498.0,2250.0,1853.0,2584.0,5.0,139.0,589.0,20200103
충남 아산시 모종동 573-2,36.7826998,127.0146102,POINT (322836.27612184617 4072605.3803751846),354.0,1928.0,1904.0,1865.0,1731.0,1735.0,1711.0,1693.0,1403.0,1284.0,1688.0,3.0,75.0,422.0,20200103
충남 아산시 모종동 573-2,36.7826998,127.0146102,POINT (322836.27612184617 4072605.3803751846),96.0,1797.0,1743.0,1883.0,1832.0,1880.0,1947.0,2077.0,2228.0,1859.0,2118.0,5.0,89.0,193.0,20200118
충남 아산시 배방읍 배방로 38,36.7711814,127.0617795,POINT (327019.94021236553 4071241.106559802),96.0,1503.0,1391.0,1492.0,1520.0,1650.0,1777.0,1750.0,1802.0,1639.0,1887.0,5.0,53.0,261.0,20200118
충남 아산시 도고면 기곡리 296-4,36.762523,126.8887276,POINT (311552.49051921687 4070607.3464196227),96.0,1983.0,1787.0,1967.0,2102.0,2215.0,2310.0,2295.0,2799.0,2459.0,2324.0,5.0,111.0,165.0,20200118
충청남도 아산시 둔포면 중앙공원로 43,36.9202752,127.0608668,POINT (327274.32121116144 4087784.4709480437),96.0,1486.0,1548.0,1724.0,1895.0,2264.0,2693.0,2843.0,3367.0,2648.0,3154.0,5.0,91.0,250.0,20200118
충청남도 아산시 인주면 인주산단로 23-28,36.8734759,126.8795433,POINT (311005.7654614598 4082935.8596934597),96.0,1654.0,1793.0,2030.0,2260.0,2490.0,2751.0,2840.0,3373.0,2811.0,3176.0,5.0,124.0,427.0,20200118
충청남도 아산시 배방읍 장재리 2116,36.7844748,127.1013253,POINT (330578.923441488 4072645.1873399825),96.0,1734.0,1552.0,1693.0,1741.0,1960.0,2278.0,2298.0,2492.0,2136.0,2446.0,5.0,78.0,307.0,20200118
충청남도 아산시 송악면 송악로 790,36.7316409,127.008961,POINT (322214.2680554545 4066950.9830622626),96.0,1830.0,1764.0,1783.0,1709.0,1843.0,1978.0,2038.0,2676.0,2259.0,2253.0,5.0,72.0,286.0,20200118
충남 아산시 모종동 573-2,36.7826998,127.0146102,POINT (322836.27612184617 4072605.3803751846),233.0,1693.0,1793.0,1876.0,1813.0,1719.0,1843.0,1906.0,2053.0,1812.0,2113.0,5.0,81.0,441.0,20200123
충청남도 아산시 송악면 송악로 790,36.7316409,127.008961,POINT (322214.2680554545 4066950.9830622626),228.0,1795.0,1684.0,1685.0,1703.0,1866.0,1889.0,1993.0,2559.0,2271.0,2197.0,5.0,72.0,503.0,20200123
충청남도 아산시 배방읍 장재리 2116,36.7844748,127.1013253,POINT (330578.923441488 4072645.1873399825),220.0,1537.0,1631.0,1715.0,1786.0,2015.0,2202.0,2354.0,2600.0,2290.0,2446.0,5.0,78.0,514.0,20200123
충청남도 아산시 인주면 인주산단로 23-28,36.8734759,126.8795433,POINT (311005.7654614598 4082935.8596934597),258.0,1636.0,1895.0,2029.0,2306.0,2551.0,2776.0,2917.0,3446.0,2881.0,3173.0,5.0,135.0,611.0,20200123
충청남도 아산시 둔포면 중앙공원로 43,36.9202752,127.0608668,POINT (327274.32121116144 4087784.4709480437),234.0,1358.0,1522.0,1673.0,1883.0,2238.0,2660.0,2840.0,3375.0,2731.0,3087.0,5.0,91.0,508.0,20200123
충남 아산시 도고면 기곡리 296-4,36.762523,126.8887276,POINT (311552.49051921687 4070607.3464196227),246.0,1821.0,2048.0,2237.0,2429.0,2545.0,2619.0,2567.0,3233.0,2919.0,2619.0,5.0,144.0,443.0,20200123
충남 아산시 배방읍 배방로 38,36.7711814,127.0617795,POINT (327019.94021236553 4071241.106559802),222.0,1396.0,1415.0,1481.0,1509.0,1766.0,1877.0,1909.0,2074.0,1771.0,1985.0,5.0,51.0,578.0,20200123
충남 아산시 모종동 573-2,36.7826998,127.0146102,POINT (322836.27612184617 4072605.3803751846),558.0,1917.0,1904.0,2038.0,2027.0,2107.0,2201.0,2219.0,2370.0,2088.0,2363.0,5.0,105.0,459.0,20200207
충남 아산시 배방읍 배방로 38,36.7711814,127.0617795,POINT (327019.94021236553 4071241.106559802),546.0,1708.0,1679.0,1772.0,1846.0,2012.0,2111.0,2130.0,2138.0,1660.0,2193.0,5.0,91.0,488.0,20200207
충청남도 아산시 인주면 인주산단로 23-28,36.8734759,126.8795433,POINT (311005.7654614598 4082935.8596934597),612.0,1766.0,1985.0,2215.0,2432.0,2651.0,2874.0,3007.0,3605.0,2992.0,3278.0,5.0,144.0,556.0,20200207
충청남도 아산시 송악면 송악로 790,36.7316409,127.008961,POINT (322214.2680554545 4066950.9830622626),546.0,1973.0,1967.0,2017.0,2010.0,2106.0,2173.0,2269.0,2850.0,2280.0,2414.0,5.0,102.0,426.0,20200207
충청남도 아산시 배방읍 장재리 2116,36.7844748,127.1013253,POINT (330578.923441488 4072645.1873399825),540.0,1830.0,1668.0,1881.0,1979.0,2306.0,2461.0,2607.0,2769.0,2374.0,2721.0,5.0,101.0,497.0,20200207
충청남도 아산시 둔포면 중앙공원로 43,36.9202752,127.0608668,POINT (327274.32121116144 4087784.4709480437),588.0,1608.0,1664.0,1899.0,2130.0,2464.0,2832.0,2993.0,3707.0,2886.0,3342.0,5.0,113.0,474.0,20200207
충남 아산시 도고면 기곡리 296-4,36.762523,126.8887276,POINT (311552.49051921687 4070607.3464196227),576.0,2125.0,2084.0,2292.0,2449.0,2627.0,2659.0,2757.0,3294.0,2876.0,2753.0,5.0,146.0,441.0,20200207
충남 아산시 배방읍 배방로 38,36.7711814,127.0617795,POINT (327019.94021236553 4071241.106559802),120.0,7853.0,7620.0,7183.0,7182.0,7460.0,7254.0,7178.0,6917.0,6651.0,7085.0,9.0,255.0,644.0,20200303
충남 아산시 모종동 573-2,36.7826998,127.0146102,POINT (322836.27612184617 4072605.3803751846),120.0,4811.0,4635.0,4188.0,3986.0,4089.0,4020.0,4109.0,3767.0,3746.0,4242.0,9.0,255.0,644.0,20200303
충청남도 아산시 둔포면 중앙공원로 43,36.9202752,127.0608668,POINT (327274.32121116144 4087784.4709480437),120.0,7091.0,6818.0,6398.0,6521.0,6944.0,6811.0,6627.0,6625.0,5992.0,6350.0,9.0,255.0,644.0,20200303
충청남도 아산시 인주면 인주산단로 23-28,36.8734759,126.8795433,POINT (311005.7654614598 4082935.8596934597),120.0,4433.0,4522.0,4229.0,4150.0,4166.0,3917.0,3929.0,3700.0,3555.0,4054.0,9.0,255.0,644.0,20200303
충청남도 아산시 배방읍 장재리 2116,36.7844748,127.1013253,POINT (330578.923441488 4072645.1873399825),120.0,6340.0,5474.0,5105.0,4947.0,5553.0,5683.0,5678.0,5301.0,5289.0,5657.0,9.0,255.0,644.0,20200303
충청남도 아산시 송악면 송악로 790,36.7316409,127.008961,POINT (322214.2680554545 4066950.9830622626),120.0,11115.0,10961.0,10479.0,10474.0,10888.0,10756.0,10694.0,9068.0,8077.0,10514.0,9.0,255.0,644.0,20200303
충남 아산시 도고면 기곡리 296-4,36.762523,126.8887276,POINT (311552.49051921687 4070607.3464196227),120.0,3544.0,3282.0,3222.0,3163.0,3385.0,3488.0,3595.0,3608.0,3315.0,3709.0,8.0,220.0,644.0,20200303
충청남도 아산시 송악면 송악로 790,36.7316409,127.008961,POINT (322214.2680554545 4066950.9830622626),102.0,2063.0,1990.0,2069.0,2026.0,2100.0,2126.0,2395.0,3028.0,2597.0,2591.0,5.0,105.0,418.0,20200308
충남 아산시 모종동 573-2,36.7826998,127.0146102,POINT (322836.27612184617 4072605.3803751846),102.0,2077.0,2023.0,2120.0,2093.0,2201.0,2115.0,2226.0,2453.0,2194.0,2345.0,5.0,110.0,389.0,20200308
충남 아산시 배방읍 배방로 38,36.7711814,127.0617795,POINT (327019.94021236553 4071241.106559802),102.0,1816.0,1821.0,1948.0,2030.0,2233.0,2497.0,2411.0,2559.0,2201.0,2545.0,5.0,105.0,415.0,20200308
충남 아산시 도고면 기곡리 296-4,36.762523,126.8887276,POINT (311552.49051921687 4070607.3464196227),102.0,2190.0,2259.0,2460.0,2598.0,2757.0,2824.0,2834.0,3407.0,2992.0,2818.0,5.0,162.0,406.0,20200308
충청남도 아산시 둔포면 중앙공원로 43,36.9202752,127.0608668,POINT (327274.32121116144 4087784.4709480437),102.0,1795.0,1802.0,1959.0,2093.0,2432.0,2927.0,3101.0,3665.0,2881.0,3287.0,5.0,111.0,470.0,20200308
충청남도 아산시 인주면 인주산단로 23-28,36.8734759,126.8795433,POINT (311005.7654614598 4082935.8596934597),102.0,1998.0,2048.0,2255.0,2420.0,2625.0,2866.0,3002.0,3568.0,2993.0,3247.0,5.0,143.0,546.0,20200308
충청남도 아산시 배방읍 장재리 2116,36.7844748,127.1013253,POINT (330578.923441488 4072645.1873399825),102.0,1956.0,1743.0,1861.0,1921.0,2217.0,2557.0,2535.0,2723.0,2340.0,2656.0,5.0,94.0,448.0,20200308
충남 아산시 배방읍 배방로 38,36.7711814,127.0617795,POINT (327019.94021236553 4071241.106559802),96.0,1704.0,1832.0,2084.0,2249.0,2497.0,2693.0,2665.0,2883.0,2528.0,2913.0,5.0,126.0,565.0,20200318
충남 아산시 모종동 573-2,36.7826998,127.0146102,POINT (322836.27612184617 4072605.3803751846),96.0,2008.0,1987.0,2092.0,2102.0,2015.0,2122.0,2257.0,2503.0,2226.0,2300.0,5.0,110.0,480.0,20200318
충남 아산시 도고면 기곡리 296-4,36.762523,126.8887276,POINT (311552.49051921687 4070607.3464196227),96.0,2044.0,2306.0,2576.0,2765.0,2881.0,2978.0,2998.0,3596.0,3200.0,2972.0,5.0,178.0,437.0,20200318
충청남도 아산시 둔포면 중앙공원로 43,36.9202752,127.0608668,POINT (327274.32121116144 4087784.4709480437),96.0,1574.0,1620.0,1829.0,1983.0,2399.0,2920.0,3189.0,3648.0,2895.0,3424.0,5.0,99.0,519.0,20200318
충청남도 아산시 인주면 인주산단로 23-28,36.8734759,126.8795433,POINT (311005.7654614598 4082935.8596934597),96.0,1717.0,1877.0,2160.0,2402.0,2649.0,2883.0,3049.0,3606.0,3005.0,3226.0,5.0,138.0,567.0,20200318
충청남도 아산시 배방읍 장재리 2116,36.7844748,127.1013253,POINT (330578.923441488 4072645.1873399825),96.0,1847.0,1655.0,1797.0,1879.0,2189.0,2523.0,2694.0,2853.0,2466.0,2830.0,5.0,90.0,571.0,20200318
충청남도 아산시 송악면 송악로 790,36.7316409,127.008961,POINT (322214.2680554545 4066950.9830622626),96.0,2042.0,2017.0,2111.0,2074.0,2051.0,2327.0,2466.0,3267.0,2667.0,2667.0,5.0,110.0,407.0,20200318
충청남도 아산시 인주면 인주산단로 23-28,36.8734759,126.8795433,POINT (311005.7654614598 4082935.8596934597),120.0,1885.0,2077.0,2244.0,2472.0,2741.0,2988.0,3106.0,3770.0,3213.0,3285.0,5.0,149.0,815.0,20200323
충청남도 아산시 송악면 송악로 790,36.7316409,127.008961,POINT (322214.2680554545 4066950.9830622626),120.0,2050.0,2091.0,2147.0,2137.0,2342.0,2218.0,2457.0,3348.0,2763.0,2807.0,5.0,118.0,591.0,20200323
충청남도 아산시 배방읍 장재리 2116,36.7844748,127.1013253,POINT (330578.923441488 4072645.1873399825),120.0,1890.0,1778.0,1925.0,1959.0,2278.0,2623.0,2777.0,2888.0,2646.0,2878.0,5.0,98.0,726.0,20200323
충청남도 아산시 둔포면 중앙공원로 43,36.9202752,127.0608668,POINT (327274.32121116144 4087784.4709480437),120.0,1716.0,1834.0,1987.0,2070.0,2476.0,3112.0,3310.0,3623.0,2900.0,3612.0,5.0,108.0,756.0,20200323
충남 아산시 도고면 기곡리 296-4,36.762523,126.8887276,POINT (311552.49051921687 4070607.3464196227),120.0,2149.0,2434.0,2674.0,2880.0,3016.0,3104.0,3137.0,3755.0,3470.0,3079.0,5.0,188.0,665.0,20200323
충남 아산시 배방읍 배방로 38,36.7711814,127.0617795,POINT (327019.94021236553 4071241.106559802),120.0,1783.0,1918.0,2166.0,2225.0,2439.0,2628.0,2723.0,2974.0,2747.0,2781.0,5.0,125.0,707.0,20200323
충남 아산시 모종동 573-2,36.7826998,127.0146102,POINT (322836.27612184617 4072605.3803751846),120.0,2063.0,2097.0,2203.0,2173.0,2208.0,2307.0,2319.0,2578.0,2396.0,2579.0,5.0,121.0,592.0,20200323
충청남도 아산시 송악면 송악로 790,36.7316409,127.008961,POINT (322214.2680554545 4066950.9830622626),1056.0,2079.0,2120.0,2246.0,2283.0,2308.0,2415.0,2440.0,3740.0,3019.0,2939.0,5.0,132.0,942.0,20200407
충청남도 아산시 배방읍 장재리 2116,36.7844748,127.1013253,POINT (330578.923441488 4072645.1873399825),1086.0,1725.0,1475.0,1835.0,1842.0,2394.0,3038.0,3155.0,3036.0,2540.0,3320.0,5.0,86.0,1017.0,20200407
충청남도 아산시 인주면 인주산단로 23-28,36.8734759,126.8795433,POINT (311005.7654614598 4082935.8596934597),1111.0,1403.0,1715.0,2051.0,2371.0,2806.0,3145.0,3318.0,3918.0,3200.0,3587.0,5.0,137.0,1019.0,20200407
충청남도 아산시 둔포면 중앙공원로 43,36.9202752,127.0608668,POINT (327274.32121116144 4087784.4709480437),1134.0,1177.0,1348.0,1719.0,1861.0,2576.0,3765.0,4156.0,3856.0,2823.0,4393.0,5.0,87.0,1105.0,20200407
충남 아산시 배방읍 배방로 38,36.7711814,127.0617795,POINT (327019.94021236553 4071241.106559802),1080.0,1602.0,1691.0,1973.0,2133.0,2420.0,2813.0,2838.0,3014.0,2565.0,3029.0,5.0,115.0,1060.0,20200407
충남 아산시 모종동 573-2,36.7826998,127.0146102,POINT (322836.27612184617 4072605.3803751846),1080.0,1950.0,1920.0,2178.0,2246.0,2378.0,2391.0,2534.0,2985.0,2560.0,2791.0,5.0,126.0,946.0,20200407
충남 아산시 도고면 기곡리 296-4,36.762523,126.8887276,POINT (311552.49051921687 4070607.3464196227),1062.0,2078.0,2467.0,2801.0,3058.0,3260.0,3291.0,3430.0,4005.0,3425.0,3340.0,5.0,202.0,926.0,20200407
충남 아산시 모종동 573-2,36.7826998,127.0146102,POINT (322836.27612184617 4072605.3803751846),396.0,2369.0,2346.0,2470.0,2477.0,2426.0,2556.0,2763.0,3052.0,2729.0,2951.0,5.0,153.0,743.0,20200427
충남 아산시 배방읍 배방로 38,36.7711814,127.0617795,POINT (327019.94021236553 4071241.106559802),396.0,1871.0,1861.0,2220.0,2171.0,2896.0,3433.0,3656.0,3340.0,2671.0,3698.0,5.0,119.0,1030.0,20200427
충남 아산시 도고면 기곡리 296-4,36.762523,126.8887276,POINT (311552.49051921687 4070607.3464196227),396.0,2749.0,2966.0,3257.0,3465.0,3641.0,3698.0,3743.0,4197.0,3671.0,3690.0,5.0,246.0,714.0,20200427
충청남도 아산시 둔포면 중앙공원로 43,36.9202752,127.0608668,POINT (327274.32121116144 4087784.4709480437),396.0,1617.0,1624.0,1932.0,1804.0,2557.0,4140.0,4570.0,3510.0,2561.0,4795.0,4.0,82.0,943.0,20200427
충청남도 아산시 인주면 인주산단로 23-28,36.8734759,126.8795433,POINT (311005.7654614598 4082935.8596934597),396.0,3139.0,4800.0,4007.0,3373.0,3412.0,3471.0,3590.0,3692.0,3239.0,3752.0,8.0,244.0,748.0,20200427
충청남도 아산시 배방읍 장재리 2116,36.7844748,127.1013253,POINT (330578.923441488 4072645.1873399825),396.0,1988.0,1623.0,1940.0,1818.0,2525.0,3462.0,3551.0,2982.0,2487.0,3821.0,5.0,85.0,940.0,20200427
충청남도 아산시 송악면 송악로 790,36.7316409,127.008961,POINT (322214.2680554545 4066950.9830622626),396.0,2323.0,2351.0,2515.0,2462.0,2659.0,2625.0,3078.0,4059.0,3350.0,3369.0,5.0,148.0,750.0,20200427
충남 아산시 모종동 573-2,36.7826998,127.0146102,POINT (322836.27612184617 4072605.3803751846),156.0,2219.0,2274.0,2414.0,2431.0,2516.0,2656.0,2794.0,2987.0,2701.0,2925.0,5.0,147.0,655.0,20200507
충남 아산시 도고면 기곡리 296-4,36.762523,126.8887276,POINT (311552.49051921687 4070607.3464196227),162.0,2336.0,2590.0,2886.0,3048.0,3219.0,3357.0,3368.0,3823.0,3352.0,3338.0,5.0,208.0,629.0,20200507
충남 아산시 배방읍 배방로 38,36.7711814,127.0617795,POINT (327019.94021236553 4071241.106559802),156.0,1783.0,1890.0,2278.0,2239.0,2575.0,3657.0,3708.0,3215.0,2617.0,3819.0,5.0,126.0,970.0,20200507
충청남도 아산시 둔포면 중앙공원로 43,36.9202752,127.0608668,POINT (327274.32121116144 4087784.4709480437),156.0,1530.0,1629.0,2001.0,1788.0,2518.0,4331.0,4797.0,3344.0,2494.0,5140.0,4.0,81.0,892.0,20200507
충청남도 아산시 송악면 송악로 790,36.7316409,127.008961,POINT (322214.2680554545 4066950.9830622626),156.0,2251.0,2405.0,2533.0,2507.0,2735.0,2957.0,2874.0,3669.0,3225.0,3279.0,5.0,154.0,683.0,20200507
충청남도 아산시 배방읍 장재리 2116,36.7844748,127.1013253,POINT (330578.923441488 4072645.1873399825),161.0,1930.0,1681.0,2049.0,1880.0,2448.0,3600.0,3881.0,3003.0,2554.0,3890.0,4.0,88.0,898.0,20200507
충청남도 아산시 인주면 인주산단로 23-28,36.8734759,126.8795433,POINT (311005.7654614598 4082935.8596934597),156.0,2289.0,2484.0,2698.0,2820.0,3206.0,3477.0,3558.0,3573.0,3007.0,3677.0,10.0,186.0,710.0,20200507
충청남도 아산시 송악면 송악로 790,36.7316409,127.008961,POINT (322214.2680554545 4066950.9830622626),666.0,2684.0,3291.0,3264.0,3221.0,3341.0,3416.0,3667.0,3528.0,3025.0,3732.0,8.0,225.0,1202.0,20200512
충남 아산시 모종동 573-2,36.7826998,127.0146102,POINT (322836.27612184617 4072605.3803751846),666.0,4138.0,3880.0,3763.0,3766.0,3852.0,3607.0,3692.0,3890.0,3500.0,3826.0,8.0,255.0,1202.0,20200512
충남 아산시 배방읍 배방로 38,36.7711814,127.0617795,POINT (327019.94021236553 4071241.106559802),666.0,1585.0,1944.0,2400.0,2539.0,2996.0,3622.0,3950.0,3573.0,2956.0,4124.0,5.0,157.0,1308.0,20200512
충남 아산시 도고면 기곡리 296-4,36.762523,126.8887276,POINT (311552.49051921687 4070607.3464196227),666.0,7503.0,6344.0,6119.0,6187.0,6464.0,6311.0,6454.0,5491.0,4910.0,6428.0,9.0,255.0,1202.0,20200512
충청남도 아산시 둔포면 중앙공원로 43,36.9202752,127.0608668,POINT (327274.32121116144 4087784.4709480437),666.0,2597.0,2616.0,2868.0,2750.0,3280.0,4496.0,4996.0,3724.0,2915.0,5201.0,8.0,177.0,1202.0,20200512
충청남도 아산시 인주면 인주산단로 23-28,36.8734759,126.8795433,POINT (311005.7654614598 4082935.8596934597),666.0,2629.0,2792.0,2805.0,2882.0,2961.0,2811.0,2924.0,3076.0,2673.0,3001.0,8.0,193.0,1202.0,20200512
충청남도 아산시 배방읍 장재리 2116,36.7844748,127.1013253,POINT (330578.923441488 4072645.1873399825),666.0,1605.0,1792.0,2272.0,2375.0,2849.0,3654.0,3935.0,3394.0,2864.0,3947.0,5.0,140.0,1325.0,20200512
충남 아산시 모종동 573-2,36.7826998,127.0146102,POINT (322836.27612184617 4072605.3803751846),570.0,2241.0,2359.0,2478.0,2457.0,2692.0,2854.0,3018.0,3274.0,2948.0,3087.0,5.0,149.0,2108.0,20200522
충남 아산시 배방읍 배방로 38,36.7711814,127.0617795,POINT (327019.94021236553 4071241.106559802),576.0,1930.0,2013.0,2293.0,2255.0,2660.0,3822.0,4197.0,3646.0,2903.0,4354.0,5.0,125.0,2305.0,20200522
충남 아산시 도고면 기곡리 296-4,36.762523,126.8887276,POINT (311552.49051921687 4070607.3464196227),570.0,4130.0,3927.0,3585.0,3468.0,3506.0,3199.0,3218.0,3574.0,3080.0,3131.0,8.0,250.0,2025.0,20200522
충청남도 아산시 둔포면 중앙공원로 43,36.9202752,127.0608668,POINT (327274.32121116144 4087784.4709480437),570.0,2594.0,2601.0,2606.0,2313.0,2753.0,3843.0,4281.0,2775.0,1979.0,4371.0,5.0,132.0,1970.0,20200522
충청남도 아산시 인주면 인주산단로 23-28,36.8734759,126.8795433,POINT (311005.7654614598 4082935.8596934597),570.0,2463.0,2583.0,2715.0,2709.0,3017.0,3407.0,3586.0,3732.0,3097.0,3713.0,5.0,175.0,2315.0,20200522
충청남도 아산시 송악면 송악로 790,36.7316409,127.008961,POINT (322214.2680554545 4066950.9830622626),575.0,2278.0,2466.0,2497.0,2461.0,2681.0,3010.0,3282.0,4030.0,3355.0,3505.0,5.0,149.0,2095.0,20200522
충청남도 아산시 배방읍 장재리 2116,36.7844748,127.1013253,POINT (330578.923441488 4072645.1873399825),570.0,2569.0,2261.0,2418.0,2269.0,2758.0,3597.0,3937.0,3110.0,2625.0,3945.0,5.0,129.0,1842.0,20200522
충청남도 아산시 둔포면 중앙공원로 43,36.9202752,127.0608668,POINT (327274.32121116144 4087784.4709480437),138.0,1591.0,1566.0,1866.0,1555.0,2301.0,4694.0,5408.0,3166.0,2215.0,5600.0,4.0,56.0,1508.0,20200527
충청남도 아산시 배방읍 장재리 2116,36.7844748,127.1013253,POINT (330578.923441488 4072645.1873399825),138.0,1935.0,1685.0,1941.0,1898.0,2386.0,3278.0,3489.0,3190.0,2622.0,3742.0,4.0,90.0,1178.0,20200527
충청남도 아산시 송악면 송악로 790,36.7316409,127.008961,POINT (322214.2680554545 4066950.9830622626),138.0,2293.0,2451.0,2564.0,2534.0,2742.0,2967.0,3051.0,3854.0,3325.0,3539.0,5.0,155.0,994.0,20200527
충남 아산시 도고면 기곡리 296-4,36.762523,126.8887276,POINT (311552.49051921687 4070607.3464196227),138.0,2322.0,2528.0,2792.0,2988.0,3123.0,3143.0,3186.0,3782.0,3341.0,3217.0,5.0,201.0,903.0,20200527
충남 아산시 배방읍 배방로 38,36.7711814,127.0617795,POINT (327019.94021236553 4071241.106559802),138.0,1855.0,1891.0,2245.0,2192.0,2554.0,3677.0,4039.0,3312.0,2664.0,4236.0,4.0,120.0,1444.0,20200527
충남 아산시 모종동 573-2,36.7826998,127.0146102,POINT (322836.27612184617 4072605.3803751846),138.0,2259.0,2243.0,2412.0,2436.0,2623.0,2652.0,2808.0,3172.0,2783.0,2988.0,5.0,149.0,1008.0,20200527
충청남도 아산시 인주면 인주산단로 23-28,36.8734759,126.8795433,POINT (311005.7654614598 4082935.8596934597),138.0,2083.0,2170.0,2451.0,2555.0,3054.0,3489.0,3626.0,3723.0,2992.0,3798.0,10.0,159.0,1065.0,20200527
충청남도 아산시 배방읍 장재리 2116,36.7844748,127.1013253,POINT (330578.923441488 4072645.1873399825),156.0,1878.0,1622.0,1894.0,1891.0,2341.0,3147.0,3467.0,3210.0,2604.0,3574.0,4.0,90.0,1285.0,20200601
충청남도 아산시 인주면 인주산단로 23-28,36.8734759,126.8795433,POINT (311005.7654614598 4082935.8596934597),156.0,1966.0,2152.0,2415.0,2601.0,2909.0,3388.0,3522.0,3807.0,3227.0,3738.0,10.0,161.0,1305.0,20200601
충청남도 아산시 둔포면 중앙공원로 43,36.9202752,127.0608668,POINT (327274.32121116144 4087784.4709480437),156.0,1274.0,1514.0,1855.0,1891.0,2484.0,4096.0,4768.0,3753.0,2682.0,5041.0,4.0,95.0,1225.0,20200601
충남 아산시 도고면 기곡리 296-4,36.762523,126.8887276,POINT (311552.49051921687 4070607.3464196227),156.0,2300.0,2633.0,2906.0,3092.0,3205.0,3269.0,3364.0,3932.0,3603.0,3289.0,10.0,209.0,1305.0,20200601
충남 아산시 배방읍 배방로 38,36.7711814,127.0617795,POINT (327019.94021236553 4071241.106559802),156.0,1777.0,1875.0,2165.0,2164.0,2575.0,3745.0,4078.0,3377.0,2713.0,4068.0,5.0,118.0,1448.0,20200601
충남 아산시 모종동 573-2,36.7826998,127.0146102,POINT (322836.27612184617 4072605.3803751846),156.0,2263.0,2380.0,2509.0,2447.0,2522.0,2721.0,2864.0,3129.0,2844.0,3023.0,5.0,150.0,1130.0,20200601
충청남도 아산시 송악면 송악로 790,36.7316409,127.008961,POINT (322214.2680554545 4066950.9830622626),156.0,2092.0,2337.0,2506.0,2439.0,2620.0,2853.0,3061.0,3733.0,3227.0,3341.0,3.0,147.0,1305.0,20200601
충청남도 아산시 송악면 송악로 790,36.7316409,127.008961,POINT (322214.2680554545 4066950.9830622626),624.0,2291.0,2499.0,2641.0,2626.0,2812.0,3134.0,3420.0,3996.0,3333.0,3601.0,5.0,165.0,2458.0,20200606
충남 아산시 모종동 573-2,36.7826998,127.0146102,POINT (322836.27612184617 4072605.3803751846),630.0,2249.0,2273.0,2452.0,2453.0,2702.0,2832.0,2972.0,3310.0,2813.0,3183.0,5.0,147.0,2631.0,20200606
충남 아산시 배방읍 배방로 38,36.7711814,127.0617795,POINT (327019.94021236553 4071241.106559802),630.0,1744.0,1751.0,2100.0,2078.0,2502.0,3514.0,3740.0,3361.0,2764.0,4029.0,5.0,110.0,2641.0,20200606
충남 아산시 도고면 기곡리 296-4,36.762523,126.8887276,POINT (311552.49051921687 4070607.3464196227),642.0,2500.0,2745.0,3041.0,3276.0,3420.0,3453.0,3516.0,4071.0,3493.0,3561.0,5.0,228.0,2583.0,20200606
충청남도 아산시 둔포면 중앙공원로 43,36.9202752,127.0608668,POINT (327274.32121116144 4087784.4709480437),630.0,5071.0,4661.0,4323.0,3993.0,4352.0,4673.0,4858.0,3852.0,3039.0,4975.0,8.0,255.0,2519.0,20200606
충청남도 아산시 인주면 인주산단로 23-28,36.8734759,126.8795433,POINT (311005.7654614598 4082935.8596934597),630.0,3006.0,2868.0,2885.0,2858.0,2990.0,2554.0,2538.0,2757.0,2371.0,2737.0,8.0,191.0,2519.0,20200606
충청남도 아산시 배방읍 장재리 2116,36.7844748,127.1013253,POINT (330578.923441488 4072645.1873399825),642.0,1915.0,1649.0,1998.0,1936.0,2462.0,3357.0,3648.0,3262.0,2658.0,3634.0,5.0,94.0,2671.0,20200606
충청남도 아산시 둔포면 중앙공원로 43,36.9202752,127.0608668,POINT (327274.32121116144 4087784.4709480437),270.0,1564.0,1580.0,1866.0,1766.0,2290.0,3858.0,4337.0,3674.0,2700.0,4586.0,4.0,78.0,1991.0,20200616
충청남도 아산시 송악면 송악로 790,36.7316409,127.008961,POINT (322214.2680554545 4066950.9830622626),245.0,2347.0,2530.0,2692.0,2652.0,2722.0,2988.0,3515.0,4065.0,3572.0,3793.0,5.0,168.0,1744.0,20200616
충남 아산시 배방읍 배방로 38,36.7711814,127.0617795,POINT (327019.94021236553 4071241.106559802),258.0,1903.0,1908.0,2211.0,2127.0,2609.0,3449.0,3720.0,3435.0,2750.0,3922.0,5.0,115.0,2119.0,20200616
충남 아산시 모종동 573-2,36.7826998,127.0146102,POINT (322836.27612184617 4072605.3803751846),252.0,2469.0,2611.0,2684.0,2672.0,2639.0,2765.0,2913.0,3132.0,2736.0,3017.0,5.0,170.0,1886.0,20200616
충청남도 아산시 배방읍 장재리 2116,36.7844748,127.1013253,POINT (330578.923441488 4072645.1873399825),258.0,1996.0,1663.0,1943.0,1895.0,2363.0,3149.0,3427.0,3131.0,2593.0,3682.0,4.0,92.0,1999.0,20200616
충남 아산시 도고면 기곡리 296-4,36.762523,126.8887276,POINT (311552.49051921687 4070607.3464196227),252.0,2329.0,2571.0,2831.0,2973.0,3172.0,3145.0,3214.0,3765.0,3311.0,3191.0,5.0,196.0,1626.0,20200616
충청남도 아산시 인주면 인주산단로 23-28,36.8734759,126.8795433,POINT (311005.7654614598 4082935.8596934597),257.0,1882.0,2117.0,2495.0,2622.0,2912.0,3551.0,3621.0,3991.0,3190.0,3884.0,5.0,165.0,1911.0,20200616
충남 아산시 도고면 기곡리 296-4,36.762523,126.8887276,POINT (311552.49051921687 4070607.3464196227),341.0,2292.0,2609.0,2863.0,3058.0,3252.0,3267.0,3344.0,4049.0,3738.0,3351.0,5.0,207.0,2772.0,20200621
충청남도 아산시 송악면 송악로 790,36.7316409,127.008961,POINT (322214.2680554545 4066950.9830622626),320.0,2228.0,2496.0,2564.0,2550.0,2759.0,2927.0,3158.0,4158.0,3764.0,3537.0,5.0,159.0,2656.0,20200621
충청남도 아산시 배방읍 장재리 2116,36.7844748,127.1013253,POINT (330578.923441488 4072645.1873399825),336.0,2012.0,1830.0,2008.0,1898.0,2443.0,3300.0,3582.0,3192.0,2528.0,3663.0,5.0,91.0,3137.0,20200621
충남 아산시 모종동 573-2,36.7826998,127.0146102,POINT (322836.27612184617 4072605.3803751846),336.0,2248.0,2542.0,2606.0,2542.0,2634.0,2766.0,2938.0,3180.0,2773.0,3146.0,5.0,161.0,2706.0,20200621
충청남도 아산시 인주면 인주산단로 23-28,36.8734759,126.8795433,POINT (311005.7654614598 4082935.8596934597),348.0,1924.0,2194.0,2431.0,2550.0,3031.0,3511.0,3786.0,4077.0,3376.0,4022.0,5.0,160.0,2920.0,20200621
충청남도 아산시 둔포면 중앙공원로 43,36.9202752,127.0608668,POINT (327274.32121116144 4087784.4709480437),342.0,1504.0,1567.0,1809.0,1581.0,2187.0,4118.0,4853.0,3523.0,2522.0,5121.0,4.0,60.0,2954.0,20200621
충남 아산시 배방읍 배방로 38,36.7711814,127.0617795,POINT (327019.94021236553 4071241.106559802),336.0,1920.0,2000.0,2204.0,2163.0,2705.0,3608.0,3937.0,3468.0,2892.0,4094.0,5.0,117.0,2957.0,20200621
충청남도 아산시 배방읍 장재리 2116,36.7844748,127.1013253,POINT (330578.923441488 4072645.1873399825),138.0,2221.0,2119.0,2262.0,2147.0,2579.0,3283.0,3782.0,3371.0,2764.0,3918.0,5.0,117.0,3636.0,20200820
충청남도 아산시 인주면 인주산단로 23-28,36.8734759,126.8795433,POINT (311005.7654614598 4082935.8596934597),138.0,2062.0,2097.0,2276.0,2178.0,2621.0,3317.0,3702.0,3805.0,3025.0,3966.0,4.0,121.0,3941.0,20200820
충청남도 아산시 둔포면 중앙공원로 43,36.9202752,127.0608668,POINT (327274.32121116144 4087784.4709480437),138.0,2080.0,2062.0,2163.0,1878.0,2448.0,4143.0,5030.0,3672.0,2367.0,5312.0,4.0,90.0,3946.0,20200820
충남 아산시 도고면 기곡리 296-4,36.762523,126.8887276,POINT (311552.49051921687 4070607.3464196227),138.0,2205.0,2527.0,2732.0,2827.0,3104.0,3287.0,3465.0,4140.0,3807.0,3422.0,5.0,184.0,3592.0,20200820
충남 아산시 배방읍 배방로 38,36.7711814,127.0617795,POINT (327019.94021236553 4071241.106559802),138.0,1993.0,2056.0,2235.0,2139.0,2488.0,3111.0,3443.0,3178.0,2686.0,3540.0,5.0,115.0,4019.0,20200820
충남 아산시 모종동 573-2,36.7826998,127.0146102,POINT (322836.27612184617 4072605.3803751846),138.0,2337.0,2426.0,2481.0,2390.0,2499.0,2629.0,2707.0,2845.0,2484.0,2898.0,5.0,140.0,3536.0,20200820
충청남도 아산시 송악면 송악로 790,36.7316409,127.008961,POINT (322214.2680554545 4066950.9830622626),144.0,2229.0,2239.0,2343.0,2210.0,2342.0,2679.0,2927.0,3654.0,3089.0,3213.0,5.0,122.0,3470.0,20200820
충청남도 아산시 둔포면 중앙공원로 43,36.9202752,127.0608668,POINT (327274.32121116144 4087784.4709480437),96.0,1329.0,1306.0,1608.0,1371.0,1926.0,4034.0,4783.0,3206.0,2123.0,5121.0,4.0,39.0,4732.0,20200825
충청남도 아산시 인주면 인주산단로 23-28,36.8734759,126.8795433,POINT (311005.7654614598 4082935.8596934597),96.0,1602.0,1740.0,2021.0,2034.0,2568.0,3219.0,3458.0,3669.0,2822.0,3808.0,4.0,106.0,4388.0,20200825
충남 아산시 모종동 573-2,36.7826998,127.0146102,POINT (322836.27612184617 4072605.3803751846),96.0,2090.0,2214.0,2287.0,2255.0,2367.0,2423.0,2617.0,2783.0,2481.0,2677.0,5.0,131.0,4444.0,20200825
충남 아산시 배방읍 배방로 38,36.7711814,127.0617795,POINT (327019.94021236553 4071241.106559802),96.0,1657.0,1809.0,2119.0,2068.0,2422.0,3258.0,3702.0,3043.0,2425.0,3763.0,5.0,110.0,5174.0,20200825
충남 아산시 도고면 기곡리 296-4,36.762523,126.8887276,POINT (311552.49051921687 4070607.3464196227),96.0,2102.0,2390.0,2682.0,2782.0,3103.0,3122.0,3184.0,3731.0,3301.0,3179.0,5.0,180.0,4190.0,20200825
충청남도 아산시 송악면 송악로 790,36.7316409,127.008961,POINT (322214.2680554545 4066950.9830622626),96.0,2139.0,2119.0,2257.0,2143.0,2324.0,2527.0,2781.0,3545.0,2811.0,3161.0,5.0,117.0,4183.0,20200825
충청남도 아산시 배방읍 장재리 2116,36.7844748,127.1013253,POINT (330578.923441488 4072645.1873399825),96.0,1831.0,1536.0,1755.0,1712.0,2177.0,3149.0,3435.0,2978.0,2408.0,3393.0,4.0,76.0,4576.0,20200825
충청남도 아산시 인주면 인주산단로 23-28,36.8734759,126.8795433,POINT (311005.7654614598 4082935.8596934597),114.0,3691.0,3608.0,3624.0,3286.0,3774.0,4326.0,4534.0,3813.0,3589.0,4572.0,8.0,232.0,2078.0,20200924
충청남도 아산시 둔포면 중앙공원로 43,36.9202752,127.0608668,POINT (327274.32121116144 4087784.4709480437),114.0,2654.0,2195.0,2335.0,2358.0,3176.0,4279.0,4559.0,3706.0,3041.0,4631.0,10.0,139.0,2078.0,20200924
충남 아산시 도고면 기곡리 296-4,36.762523,126.8887276,POINT (311552.49051921687 4070607.3464196227),114.0,2206.0,2617.0,2812.0,2643.0,3025.0,3378.0,3647.0,3320.0,2805.0,3732.0,8.0,166.0,2078.0,20200924
충남 아산시 배방읍 배방로 38,36.7711814,127.0617795,POINT (327019.94021236553 4071241.106559802),114.0,2012.0,1956.0,2092.0,1903.0,2096.0,2468.0,2783.0,2341.0,2335.0,3158.0,10.0,93.0,2078.0,20200924
충남 아산시 모종동 573-2,36.7826998,127.0146102,POINT (322836.27612184617 4072605.3803751846),114.0,2785.0,2288.0,2530.0,2553.0,2840.0,3276.0,3314.0,3250.0,2850.0,3405.0,8.0,164.0,2078.0,20200924
충청남도 아산시 배방읍 장재리 2116,36.7844748,127.1013253,POINT (330578.923441488 4072645.1873399825),114.0,1761.0,1378.0,1566.0,1565.0,2029.0,3125.0,3376.0,2783.0,2244.0,3528.0,4.0,59.0,2263.0,20200924
충청남도 아산시 송악면 송악로 790,36.7316409,127.008961,POINT (322214.2680554545 4066950.9830622626),114.0,2068.0,2020.0,2118.0,2005.0,2188.0,2475.0,2599.0,3420.0,2693.0,2993.0,5.0,100.0,1969.0,20200924
충청남도 아산시 배방읍 장재리 2116,36.7844748,127.1013253,POINT (330578.923441488 4072645.1873399825),210.0,1703.0,1645.0,1767.0,1685.0,1972.0,2600.0,2806.0,2291.0,1977.0,2924.0,5.0,71.0,1290.0,20200929
충남 아산시 도고면 기곡리 296-4,36.762523,126.8887276,POINT (311552.49051921687 4070607.3464196227),210.0,3100.0,3277.0,3376.0,3263.0,3648.0,4140.0,4306.0,3744.0,3231.0,4327.0,8.0,227.0,1164.0,20200929
충남 아산시 배방읍 배방로 38,36.7711814,127.0617795,POINT (327019.94021236553 4071241.106559802),222.0,1550.0,1720.0,1875.0,1858.0,2094.0,2686.0,2789.0,2506.0,2086.0,2974.0,5.0,88.0,1207.0,20200929
충남 아산시 모종동 573-2,36.7826998,127.0146102,POINT (322836.27612184617 4072605.3803751846),219.0,2117.0,2086.0,2198.0,2135.0,2219.0,2333.0,2521.0,2508.0,2248.0,2593.0,5.0,114.0,1164.0,20200929
충청남도 아산시 송악면 송악로 790,36.7316409,127.008961,POINT (322214.2680554545 4066950.9830622626),210.0,2089.0,2561.0,2545.0,2391.0,2619.0,2696.0,2736.0,2983.0,2416.0,3054.0,8.0,141.0,1164.0,20200929
충청남도 아산시 인주면 인주산단로 23-28,36.8734759,126.8795433,POINT (311005.7654614598 4082935.8596934597),210.0,3009.0,2976.0,2994.0,2815.0,3195.0,3636.0,3809.0,3394.0,2836.0,4007.0,8.0,185.0,1164.0,20200929
충청남도 아산시 둔포면 중앙공원로 43,36.9202752,127.0608668,POINT (327274.32121116144 4087784.4709480437),216.0,1594.0,1633.0,1817.0,1617.0,2147.0,3940.0,4638.0,3049.0,2090.0,4965.0,4.0,62.0,1511.0,20200929
충남 아산시 배방읍 배방로 38,36.7711814,127.0617795,POINT (327019.94021236553 4071241.106559802),150.0,1370.0,1301.0,1337.0,1284.0,1468.0,1657.0,1840.0,1579.0,1396.0,1957.0,5.0,29.0,888.0,20201009
충남 아산시 도고면 기곡리 296-4,36.762523,126.8887276,POINT (311552.49051921687 4070607.3464196227),150.0,2036.0,2490.0,2756.0,2941.0,3153.0,3200.0,3252.0,3781.0,3451.0,3141.0,5.0,196.0,1076.0,20201009
충청남도 아산시 둔포면 중앙공원로 43,36.9202752,127.0608668,POINT (327274.32121116144 4087784.4709480437),150.0,1229.0,1308.0,1573.0,1410.0,1953.0,3781.0,4390.0,2871.0,1985.0,4634.0,4.0,40.0,1250.0,20201009
충청남도 아산시 인주면 인주산단로 23-28,36.8734759,126.8795433,POINT (311005.7654614598 4082935.8596934597),150.0,1558.0,1773.0,1983.0,2115.0,2424.0,2830.0,3053.0,3603.0,2968.0,3394.0,5.0,112.0,1208.0,20201009
충청남도 아산시 배방읍 장재리 2116,36.7844748,127.1013253,POINT (330578.923441488 4072645.1873399825),150.0,1615.0,1338.0,1543.0,1445.0,1970.0,2865.0,3228.0,2515.0,2031.0,3205.0,4.0,47.0,1306.0,20201009
충청남도 아산시 송악면 송악로 790,36.7316409,127.008961,POINT (322214.2680554545 4066950.9830622626),150.0,1948.0,1986.0,2055.0,1935.0,2029.0,2163.0,2410.0,3090.0,2649.0,2750.0,5.0,95.0,1004.0,20201009
충남 아산시 모종동 573-2,36.7826998,127.0146102,POINT (322836.27612184617 4072605.3803751846),150.0,1879.0,2000.0,2098.0,2048.0,1936.0,2159.0,2216.0,2479.0,2172.0,2391.0,5.0,104.0,1040.0,20201009
충청남도 아산시 송악면 송악로 790,36.7316409,127.008961,POINT (322214.2680554545 4066950.9830622626),258.0,1918.0,1976.0,2071.0,1958.0,2051.0,2199.0,2287.0,3185.0,2682.0,2506.0,5.0,100.0,851.0,20201019
충청남도 아산시 배방읍 장재리 2116,36.7844748,127.1013253,POINT (330578.923441488 4072645.1873399825),258.0,1657.0,1517.0,1654.0,1573.0,2009.0,2694.0,2937.0,2481.0,1996.0,3007.0,5.0,57.0,944.0,20201019
충청남도 아산시 인주면 인주산단로 23-28,36.8734759,126.8795433,POINT (311005.7654614598 4082935.8596934597),258.0,1664.0,1849.0,2033.0,2169.0,2491.0,2910.0,3096.0,3637.0,3026.0,3343.0,5.0,120.0,898.0,20201019
충청남도 아산시 둔포면 중앙공원로 43,36.9202752,127.0608668,POINT (327274.32121116144 4087784.4709480437),258.0,1313.0,1380.0,1582.0,1457.0,2080.0,3668.0,4213.0,2891.0,2009.0,4467.0,4.0,47.0,912.0,20201019
충남 아산시 도고면 기곡리 296-4,36.762523,126.8887276,POINT (311552.49051921687 4070607.3464196227),258.0,2004.0,2410.0,2661.0,2854.0,3031.0,3109.0,3183.0,3749.0,3464.0,3200.0,5.0,188.0,916.0,20201019
충남 아산시 배방읍 배방로 38,36.7711814,127.0617795,POINT (327019.94021236553 4071241.106559802),258.0,1606.0,1594.0,1710.0,1697.0,2046.0,2587.0,2909.0,2445.0,2014.0,2898.0,5.0,67.0,857.0,20201019
충남 아산시 모종동 573-2,36.7826998,127.0146102,POINT (322836.27612184617 4072605.3803751846),258.0,1925.0,2018.0,2131.0,2041.0,1984.0,2196.0,2227.0,2394.0,2039.0,2387.0,5.0,107.0,819.0,20201019
충청남도 아산시 배방읍 장재리 2116,36.7844748,127.1013253,POINT (330578.923441488 4072645.1873399825),150.0,1544.0,1185.0,1433.0,1409.0,1852.0,2639.0,2901.0,2385.0,2004.0,2862.0,4.0,40.0,537.0,20201024
충청남도 아산시 인주면 인주산단로 23-28,36.8734759,126.8795433,POINT (311005.7654614598 4082935.8596934597),150.0,1460.0,1573.0,1880.0,2090.0,2428.0,2801.0,3008.0,3608.0,2943.0,3311.0,5.0,111.0,515.0,20201024
충청남도 아산시 송악면 송악로 790,36.7316409,127.008961,POINT (322214.2680554545 4066950.9830622626),144.0,1863.0,1726.0,1867.0,1761.0,1838.0,2042.0,2066.0,3098.0,2563.0,2640.0,5.0,78.0,375.0,20201024
충남 아산시 배방읍 배방로 38,36.7711814,127.0617795,POINT (327019.94021236553 4071241.106559802),150.0,1337.0,1208.0,1366.0,1439.0,1779.0,2253.0,2563.0,2322.0,1842.0,2940.0,4.0,43.0,519.0,20201024
충남 아산시 도고면 기곡리 296-4,36.762523,126.8887276,POINT (311552.49051921687 4070607.3464196227),150.0,1827.0,2371.0,2753.0,2989.0,3110.0,3112.0,3163.0,3762.0,3361.0,3223.0,5.0,196.0,558.0,20201024
충청남도 아산시 둔포면 중앙공원로 43,36.9202752,127.0608668,POINT (327274.32121116144 4087784.4709480437),150.0,1108.0,1127.0,1416.0,1325.0,1943.0,3634.0,4075.0,2853.0,1895.0,4451.0,4.0,29.0,584.0,20201024
충남 아산시 모종동 573-2,36.7826998,127.0146102,POINT (322836.27612184617 4072605.3803751846),150.0,1712.0,1716.0,1879.0,1825.0,1934.0,2014.0,2117.0,2243.0,1986.0,2142.0,5.0,81.0,361.0,20201024
충남 아산시 모종동 573-2,36.7826998,127.0146102,POINT (322836.27612184617 4072605.3803751846),108.0,1777.0,1603.0,1744.0,1738.0,1783.0,2035.0,2128.0,2201.0,1931.0,2230.0,5.0,71.0,374.0,20201029
충남 아산시 배방읍 배방로 38,36.7711814,127.0617795,POINT (327019.94021236553 4071241.106559802),108.0,1420.0,1532.0,1742.0,1746.0,2247.0,2735.0,2966.0,2523.0,2050.0,3148.0,5.0,76.0,602.0,20201029
충남 아산시 도고면 기곡리 296-4,36.762523,126.8887276,POINT (311552.49051921687 4070607.3464196227),108.0,2153.0,2490.0,2797.0,2997.0,3149.0,3250.0,3306.0,3734.0,3361.0,3418.0,5.0,201.0,428.0,20201029
충청남도 아산시 둔포면 중앙공원로 43,36.9202752,127.0608668,POINT (327274.32121116144 4087784.4709480437),103.0,1180.0,1286.0,1508.0,1364.0,1929.0,3227.0,3471.0,2754.0,1947.0,3877.0,4.0,37.0,449.0,20201029
충청남도 아산시 인주면 인주산단로 23-28,36.8734759,126.8795433,POINT (311005.7654614598 4082935.8596934597),108.0,1784.0,1857.0,2047.0,2259.0,2556.0,2941.0,3144.0,3622.0,2963.0,3391.0,10.0,129.0,358.0,20201029
충청남도 아산시 송악면 송악로 790,36.7316409,127.008961,POINT (322214.2680554545 4066950.9830622626),102.0,1906.0,1902.0,1979.0,1987.0,2106.0,2344.0,2406.0,2950.0,2497.0,2616.0,5.0,102.0,385.0,20201029
충청남도 아산시 배방읍 장재리 2116,36.7844748,127.1013253,POINT (330578.923441488 4072645.1873399825),108.0,1573.0,1711.0,1796.0,1814.0,2108.0,2547.0,2850.0,2658.0,2272.0,2875.0,5.0,83.0,525.0,20201029
충남 아산시 모종동 573-2,36.7826998,127.0146102,POINT (322836.27612184617 4072605.3803751846),102.0,1679.0,1751.0,1790.0,1846.0,1942.0,2000.0,2048.0,2151.0,1888.0,2197.0,5.0,87.0,228.0,20201108
충남 아산시 배방읍 배방로 38,36.7711814,127.0617795,POINT (327019.94021236553 4071241.106559802),102.0,1302.0,1351.0,1470.0,1572.0,1737.0,2238.0,2341.0,2358.0,1923.0,2386.0,5.0,59.0,403.0,20201108
충남 아산시 도고면 기곡리 296-4,36.762523,126.8887276,POINT (311552.49051921687 4070607.3464196227),96.0,1918.0,2429.0,2744.0,2989.0,3089.0,3116.0,3179.0,3691.0,3417.0,3137.0,5.0,202.0,340.0,20201108
충청남도 아산시 둔포면 중앙공원로 43,36.9202752,127.0608668,POINT (327274.32121116144 4087784.4709480437),102.0,1159.0,1291.0,1545.0,1537.0,2207.0,3181.0,3477.0,3075.0,2156.0,3840.0,4.0,53.0,243.0,20201108
충청남도 아산시 인주면 인주산단로 23-28,36.8734759,126.8795433,POINT (311005.7654614598 4082935.8596934597),102.0,1441.0,1669.0,1915.0,2184.0,2445.0,2781.0,2995.0,3620.0,2992.0,3318.0,5.0,119.0,237.0,20201108
충청남도 아산시 배방읍 장재리 2116,36.7844748,127.1013253,POINT (330578.923441488 4072645.1873399825),102.0,1544.0,1424.0,1543.0,1678.0,1999.0,2315.0,2485.0,2619.0,2164.0,2643.0,5.0,68.0,324.0,20201108
충청남도 아산시 송악면 송악로 790,36.7316409,127.008961,POINT (322214.2680554545 4066950.9830622626),102.0,1844.0,1715.0,1827.0,1774.0,1894.0,2037.0,2151.0,2920.0,2441.0,2359.0,5.0,81.0,270.0,20201108
충남 아산시 도고면 기곡리 296-4,36.762523,126.8887276,POINT (311552.49051921687 4070607.3464196227),138.0,9501.0,8800.0,8542.0,8607.0,9124.0,8843.0,8817.0,8599.0,8329.0,8796.0,9.0,255.0,894.0,20201113
충청남도 아산시 둔포면 중앙공원로 43,36.9202752,127.0608668,POINT (327274.32121116144 4087784.4709480437),138.0,3145.0,2893.0,2670.0,2431.0,2583.0,2688.0,2719.0,2193.0,1690.0,2751.0,8.0,146.0,894.0,20201113
충남 아산시 배방읍 배방로 38,36.7711814,127.0617795,POINT (327019.94021236553 4071241.106559802),138.0,10741.0,10186.0,9499.0,9164.0,9479.0,9021.0,8877.0,7441.0,6426.0,8611.0,9.0,255.0,894.0,20201113
충청남도 아산시 송악면 송악로 790,36.7316409,127.008961,POINT (322214.2680554545 4066950.9830622626),138.0,9951.0,9602.0,8984.0,8732.0,9032.0,8673.0,8493.0,7247.0,6284.0,8291.0,9.0,255.0,894.0,20201113
충남 아산시 모종동 573-2,36.7826998,127.0146102,POINT (322836.27612184617 4072605.3803751846),138.0,7377.0,6894.0,6372.0,6115.0,6304.0,6109.0,6037.0,5452.0,5065.0,5944.0,9.0,255.0,894.0,20201113
충청남도 아산시 인주면 인주산단로 23-28,36.8734759,126.8795433,POINT (311005.7654614598 4082935.8596934597),138.0,11065.0,10535.0,9912.0,9704.0,10070.0,9554.0,9339.0,7990.0,6813.0,9089.0,9.0,255.0,894.0,20201113
충청남도 아산시 배방읍 장재리 2116,36.7844748,127.1013253,POINT (330578.923441488 4072645.1873399825),138.0,7736.0,7140.0,6683.0,6402.0,6653.0,6435.0,6324.0,5400.0,4778.0,6055.0,9.0,255.0,894.0,20201113
충청남도 아산시 송악면 송악로 790,36.7316409,127.008961,POINT (322214.2680554545 4066950.9830622626),96.0,1891.0,1824.0,1880.0,1855.0,1833.0,2067.0,2072.0,2984.0,2420.0,2352.0,5.0,84.0,401.0,20201123
충청남도 아산시 배방읍 장재리 2116,36.7844748,127.1013253,POINT (330578.923441488 4072645.1873399825),96.0,1743.0,1453.0,1611.0,1687.0,1938.0,2283.0,2446.0,2451.0,2174.0,2454.0,5.0,71.0,389.0,20201123
충청남도 아산시 인주면 인주산단로 23-28,36.8734759,126.8795433,POINT (311005.7654614598 4082935.8596934597),96.0,1713.0,1747.0,1968.0,2133.0,2442.0,2700.0,2822.0,3373.0,2748.0,3101.0,5.0,115.0,407.0,20201123
충청남도 아산시 둔포면 중앙공원로 43,36.9202752,127.0608668,POINT (327274.32121116144 4087784.4709480437),96.0,1295.0,1359.0,1568.0,1666.0,2083.0,2770.0,3052.0,3181.0,2336.0,3373.0,4.0,65.0,191.0,20201123
충남 아산시 도고면 기곡리 296-4,36.762523,126.8887276,POINT (311552.49051921687 4070607.3464196227),96.0,1950.0,2086.0,2316.0,2451.0,2638.0,2663.0,2634.0,3144.0,2704.0,2603.0,5.0,148.0,361.0,20201123
충남 아산시 배방읍 배방로 38,36.7711814,127.0617795,POINT (327019.94021236553 4071241.106559802),96.0,1516.0,1475.0,1607.0,1615.0,1776.0,2035.0,2140.0,2003.0,1689.0,2249.0,5.0,65.0,474.0,20201123
충남 아산시 모종동 573-2,36.7826998,127.0146102,POINT (322836.27612184617 4072605.3803751846),96.0,1804.0,1827.0,1896.0,1888.0,1795.0,1882.0,1996.0,2112.0,1806.0,2122.0,5.0,92.0,331.0,20201123
충청남도 아산시 둔포면 중앙공원로 43,36.9202752,127.0608668,POINT (327274.32121116144 4087784.4709480437),84.0,1273.0,1376.0,1543.0,1664.0,1995.0,2507.0,2705.0,3343.0,2589.0,2927.0,5.0,65.0,193.0,20201128
충남 아산시 도고면 기곡리 296-4,36.762523,126.8887276,POINT (311552.49051921687 4070607.3464196227),84.0,1882.0,2243.0,2460.0,2672.0,2801.0,2851.0,2923.0,3433.0,3174.0,2900.0,5.0,175.0,320.0,20201128
충남 아산시 배방읍 배방로 38,36.7711814,127.0617795,POINT (327019.94021236553 4071241.106559802),84.0,1335.0,1332.0,1427.0,1472.0,1635.0,1860.0,1845.0,2128.0,1841.0,2023.0,5.0,51.0,273.0,20201128
충청남도 아산시 배방읍 장재리 2116,36.7844748,127.1013253,POINT (330578.923441488 4072645.1873399825),84.0,1593.0,1638.0,1699.0,1751.0,1962.0,2158.0,2227.0,2622.0,2335.0,2255.0,5.0,77.0,311.0,20201128
충청남도 아산시 송악면 송악로 790,36.7316409,127.008961,POINT (322214.2680554545 4066950.9830622626),84.0,1811.0,1693.0,1736.0,1717.0,1913.0,2047.0,2037.0,2764.0,2324.0,2203.0,5.0,73.0,249.0,20201128
충청남도 아산시 인주면 인주산단로 23-28,36.8734759,126.8795433,POINT (311005.7654614598 4082935.8596934597),84.0,1590.0,1616.0,1828.0,2039.0,2337.0,2591.0,2812.0,3486.0,2910.0,3144.0,5.0,107.0,314.0,20201128
충남 아산시 모종동 573-2,36.7826998,127.0146102,POINT (322836.27612184617 4072605.3803751846),84.0,1667.0,1615.0,1790.0,1722.0,1769.0,1875.0,1892.0,2009.0,1764.0,2025.0,5.0,72.0,179.0,20201128
충남 아산시 배방읍 배방로 38,36.7711814,127.0617795,POINT (327019.94021236553 4071241.106559802),96.0,1599.0,1517.0,1646.0,1635.0,1806.0,1879.0,2009.0,2060.0,1693.0,2192.0,5.0,64.0,402.0,20201203
충남 아산시 도고면 기곡리 296-4,36.762523,126.8887276,POINT (311552.49051921687 4070607.3464196227),96.0,2085.0,2257.0,2498.0,2717.0,2839.0,2882.0,2984.0,3541.0,3154.0,3002.0,5.0,173.0,437.0,20201203
충청남도 아산시 둔포면 중앙공원로 43,36.9202752,127.0608668,POINT (327274.32121116144 4087784.4709480437),96.0,1478.0,1492.0,1649.0,1800.0,2111.0,2528.0,2785.0,3350.0,2559.0,3139.0,5.0,79.0,260.0,20201203
충청남도 아산시 인주면 인주산단로 23-28,36.8734759,126.8795433,POINT (311005.7654614598 4082935.8596934597),96.0,1727.0,1789.0,1995.0,2231.0,2499.0,2709.0,2931.0,3687.0,3059.0,3262.0,5.0,125.0,525.0,20201203
충청남도 아산시 배방읍 장재리 2116,36.7844748,127.1013253,POINT (330578.923441488 4072645.1873399825),96.0,1692.0,1550.0,1628.0,1687.0,1879.0,2068.0,2212.0,2484.0,2151.0,2354.0,5.0,70.0,372.0,20201203
충청남도 아산시 송악면 송악로 790,36.7316409,127.008961,POINT (322214.2680554545 4066950.9830622626),96.0,2059.0,1896.0,1934.0,1927.0,2096.0,2132.0,2220.0,2761.0,2291.0,2350.0,5.0,95.0,439.0,20201203
충남 아산시 모종동 573-2,36.7826998,127.0146102,POINT (322836.27612184617 4072605.3803751846),96.0,2025.0,1919.0,2100.0,1945.0,1918.0,2112.0,2136.0,2279.0,1903.0,2324.0,5.0,92.0,385.0,20201203
충청남도 아산시 둔포면 중앙공원로 43,36.9202752,127.0608668,POINT (327274.32121116144 4087784.4709480437),84.0,1354.0,1482.0,1625.0,1805.0,2068.0,2463.0,2701.0,3468.0,2716.0,3071.0,5.0,80.0,188.0,20201208
충남 아산시 모종동 573-2,36.7826998,127.0146102,POINT (322836.27612184617 4072605.3803751846),84.0,1767.0,1707.0,1793.0,1759.0,1808.0,1925.0,1973.0,2014.0,1815.0,2107.0,5.0,77.0,295.0,20201208
충남 아산시 배방읍 배방로 38,36.7711814,127.0617795,POINT (327019.94021236553 4071241.106559802),84.0,1455.0,1464.0,1517.0,1536.0,1790.0,1802.0,1822.0,1955.0,1713.0,2020.0,5.0,56.0,326.0,20201208
충남 아산시 도고면 기곡리 296-4,36.762523,126.8887276,POINT (311552.49051921687 4070607.3464196227),84.0,1970.0,2365.0,2581.0,2759.0,2792.0,2798.0,2894.0,3420.0,3141.0,2942.0,5.0,180.0,315.0,20201208
충청남도 아산시 인주면 인주산단로 23-28,36.8734759,126.8795433,POINT (311005.7654614598 4082935.8596934597),84.0,1593.0,1775.0,1931.0,2108.0,2357.0,2661.0,2771.0,3470.0,2947.0,3042.0,5.0,112.0,379.0,20201208
충청남도 아산시 배방읍 장재리 2116,36.7844748,127.1013253,POINT (330578.923441488 4072645.1873399825),84.0,1662.0,1637.0,1686.0,1721.0,1828.0,1996.0,2129.0,2581.0,2315.0,2204.0,5.0,71.0,370.0,20201208
충청남도 아산시 송악면 송악로 790,36.7316409,127.008961,POINT (322214.2680554545 4066950.9830622626),84.0,1865.0,1759.0,1759.0,1710.0,1864.0,1908.0,1965.0,2578.0,2161.0,2206.0,5.0,72.0,350.0,20201208
충청남도 아산시 인주면 인주산단로 23-28,36.8734759,126.8795433,POINT (311005.7654614598 4082935.8596934597),102.0,2793.0,2881.0,2925.0,3005.0,3118.0,3228.0,3325.0,3647.0,3232.0,3422.0,5.0,205.0,530.0,20201228
충청남도 아산시 둔포면 중앙공원로 43,36.9202752,127.0608668,POINT (327274.32121116144 4087784.4709480437),102.0,2083.0,2190.0,2238.0,2357.0,2539.0,2773.0,2921.0,3590.0,2874.0,3161.0,5.0,139.0,483.0,20201228
충청남도 아산시 배방읍 장재리 2116,36.7844748,127.1013253,POINT (330578.923441488 4072645.1873399825),102.0,2047.0,2082.0,2085.0,2067.0,2257.0,2361.0,2482.0,2549.0,2162.0,2499.0,5.0,108.0,628.0,20201228
충남 아산시 배방읍 배방로 38,36.7711814,127.0617795,POINT (327019.94021236553 4071241.106559802),102.0,2032.0,2026.0,2049.0,1964.0,2039.0,2218.0,2216.0,2092.0,1779.0,2178.0,5.0,99.0,607.0,20201228
충남 아산시 모종동 573-2,36.7826998,127.0146102,POINT (322836.27612184617 4072605.3803751846),102.0,2122.0,2112.0,2152.0,2051.0,2085.0,2075.0,2070.0,1990.0,1713.0,2150.0,5.0,107.0,507.0,20201228
충남 아산시 도고면 기곡리 296-4,36.762523,126.8887276,POINT (311552.49051921687 4070607.3464196227),102.0,2216.0,2406.0,2516.0,2689.0,2800.0,2812.0,2879.0,3465.0,3251.0,2884.0,5.0,171.0,561.0,20201228
충청남도 아산시 송악면 송악로 790,36.7316409,127.008961,POINT (322214.2680554545 4066950.9830622626),103.0,2049.0,1984.0,1979.0,1905.0,1934.0,2005.0,2095.0,2510.0,2138.0,2176.0,5.0,91.0,502.0,20201228
