도로명주소,Latitude,Longitude
충남 아산시 모종동 573-2,36.7826998,127.0146102
충남 아산시 배방읍 배방로 38,36.7711814,127.0617795
충남 아산시 도고면 기곡리 296-4,36.762523,126.8887276
충청남도 아산시 둔포면 중앙공원로 43,36.9202752,127.0608668
충청남도 아산시 인주면 인주산단로 23-28,36.8734759,126.8795433
충청남도 아산시 배방읍 장재리 2116,36.7844748,127.1013253
충청남도 아산시 송악면 송악로 790,36.7316409,127.008961