주소,Latitude,Longitude
충북 청주시 흥덕구 직지대로 393(송정동),36.645119,127.4437347
"충북 청주시 청원구 사천동 233-223번지(사뜸로 61번길 88-14), 청주청원도서관 옥상(2층)",36.6662401,127.4749259
충북 청주시 상당구 교동로139번길 20,36.6359862,127.5040362
"충북 청주시 상당구 용암동 1590(중흥로 29), 용암1동 주민센터 3층 옥상",36.6088273,127.5012512
충북 청주시 흥덕구 복대동,36.6352554,127.4386333
충청북도 청주시 청원구 오창읍 오창대로 197,36.7148573,127.4185301
충청북도 청주시 서원구 원흥로 81,36.6133842,127.4680905
충청북도 청주시 흥덕구 오송읍 오송생명로 150,36.6311519,127.3233677
충청북도 청주시 상당구 가덕면 보청대로 4650,36.55342,127.5487467
충청북도 청주시 흥덕구 봉명로 163 (봉명동),36.63989,127.4596434