주소,Latitude,Longitude
대구 중구 수창동 73 (수창초등학교)(달성로 22길 30),35.8742956,128.5841371
대구 수성구 지산동 761-11(한국환경공단) (무학로 209),35.8304177,128.6316681
대구 동구 서호동 25-1(안심로49길 70),35.8673668,128.7112649
대구 서구 이현동 48-60 (중리초등학교)(국채보상로 135),35.8695524,128.5453239
대구 서구 평리3동,35.8759401,128.5588581
대구 남구 성당로30길55 성명초등학교별관3층옥상,35.8454991,128.5710679
대구 북구 노원동 3가 262번지(삼영초등학교)(3공단로 14길 31),35.8935693,128.5632183
대구 동구 신암동 72-1 (신암5동사무소)(아양로 37길 92),35.8897398,128.6330245
대구 북구 태전동 1076-5 (태암초등학교)(칠곡중앙대로 52길 56),35.9230935,128.5503619
대구 수성구 만촌2동 934 (동원초등학교)(국채보상로 1000),35.8654801,128.6396473
대구 달서구 성서공단로 11길 32 대구기계부품연구원 1동 옥상,35.8375499,128.4887422
대구광역시 달성군 유가읍 테크노북로6길 20,35.6953059,128.4592458
대구 달서구 이곡동,35.8580846,128.5082057
대구광역시 수성구 노변공원로 52,35.8378885,128.6976238
대구광역시 달서구 월배로 131,35.8163695,128.5288744
대구광역시 달성군 다사읍 매곡로12길 37,35.865035,128.4576247
대구광역시 달서구 구마로26길 62,35.8344259,128.5411162
대구광역시 군위군 군위읍 군청로 158,36.2372849,128.5744108
대구광역시 북구 연암로 40,35.8926449,128.6007471
대구광역시 서구 서대구로3길 46,35.8589429,128.5519085
대구광역시 북구 옥산로17길 21,35.8861362,128.5849779
대구광역시 달성군 화원읍 인흥1길 12,35.7974305,128.5037874
대구광역시 중구 남산로2길 125,35.857907,128.5894969
대구광역시 남구 앞산순환로 540,35.8317684,128.5827485