주소,Latitude,Longitude
대전 대덕구 대전로 1331번길 75(태아산업(주)),36.3723875,127.4177136
대전 대덕구 문평동로 18번길 34(문평동 119안전센터),36.4468829,127.4045985
대전 중구 보문로 20번길 38(문창동 주민센터),36.3172147,127.4378249
대전 유성구 대학로 407 보건환경연구원,36.372381,127.3738094
대전 유성구 노은동로 87번길 89(노은1동 주민센터),36.3682419,127.3184975
대전광역시 유성구 도안대로 398,36.3359916,127.3347157
대전 중구 중앙로 58,36.3237798,127.4186539
대전 동구 계족로 368번길 70(성남동 주민센터),36.3445324,127.4375093
대전광역시 동구 동구청로 36,36.3019653,127.4602145
대전 서구 정림동로 10(정림동 주민센터),36.3044424,127.3667423
대전 서구 둔산서로 84(근로자 종합복지회관),36.3541674,127.3834649
대전 서구 월평동160-5,36.3502948,127.3539196
대전광역시 유성구 테크노중앙로 88,36.424847,127.3948613