주소,Latitude,Longitude
경북 포항시 남구 철강로 331 공단정수장,35.9802561,129.3747678
경북 포항시 북구 삼흥로 98 북구보건소,36.070704,129.380477
경북 포항시 남구 대도동 111-6(상대동평생학습관),36.018833,129.3658667
경북 포항시 남구 대송면 장동홍계길19 (대송면사무소 내),35.9685219,129.3599537
경북 포항시 남구 대송면 철강산단로130번길 29,35.9630609,129.3767843
경북 포항시 남구 축항로 55,36.0300388,129.3749055
경북 포항시 남구 오천읍 냉천로320번길 4-11,35.9667609,129.4085933
경북 포항시 남구 신항로 10,35.9973608,129.4054955
경북 포항시 남구 신항로 99-98,36.0057836,129.4150523
경상북도 포항시 북구 새천년대로 906,36.0528499,129.3611936
경상북도 포항시 남구 연일읍 동문로 67,35.9962626,129.3521476
경상북도 포항시 남구 인덕로 52,35.9899753,129.3976328
경상북도 포항시 북구 천마로 161 (양덕동),36.0901685,129.3961353