﻿측정소코드,측정일시_날짜,주소,PM10,PM25
534421,20190101,충남 서산시 대산읍 평신1로(독곶리) 한국수자원공사 대산산업용수센터,24.5,14.0
534421,20190102,충남 서산시 대산읍 평신1로(독곶리) 한국수자원공사 대산산업용수센터,35.0,16.5
534421,20190103,충남 서산시 대산읍 평신1로(독곶리) 한국수자원공사 대산산업용수센터,30.0,11.5
534421,20190104,충남 서산시 대산읍 평신1로(독곶리) 한국수자원공사 대산산업용수센터,48.5,32.0
534421,20190105,충남 서산시 대산읍 평신1로(독곶리) 한국수자원공사 대산산업용수센터,34.0,17.0
534421,20190106,충남 서산시 대산읍 평신1로(독곶리) 한국수자원공사 대산산업용수센터,62.5,23.0
534421,20190107,충남 서산시 대산읍 평신1로(독곶리) 한국수자원공사 대산산업용수센터,39.5,21.5
534421,20190108,충남 서산시 대산읍 평신1로(독곶리) 한국수자원공사 대산산업용수센터,36.5,16.0
534421,20190109,충남 서산시 대산읍 평신1로(독곶리) 한국수자원공사 대산산업용수센터,34.0,13.0
534421,20190110,충남 서산시 대산읍 평신1로(독곶리) 한국수자원공사 대산산업용수센터,45.5,27.5
534421,20190111,충남 서산시 대산읍 평신1로(독곶리) 한국수자원공사 대산산업용수센터,74.5,49.0
534421,20190112,충남 서산시 대산읍 평신1로(독곶리) 한국수자원공사 대산산업용수센터,102.5,71.5
534421,20190113,충남 서산시 대산읍 평신1로(독곶리) 한국수자원공사 대산산업용수센터,97.5,69.0
534421,20190114,충남 서산시 대산읍 평신1로(독곶리) 한국수자원공사 대산산업용수센터,132.5,102.5
534421,20190115,충남 서산시 대산읍 평신1로(독곶리) 한국수자원공사 대산산업용수센터,114.5,89.5
534421,20190116,충남 서산시 대산읍 평신1로(독곶리) 한국수자원공사 대산산업용수센터,27.5,6.5
534421,20190117,충남 서산시 대산읍 평신1로(독곶리) 한국수자원공사 대산산업용수센터,53.5,18.0
534421,20190118,충남 서산시 대산읍 평신1로(독곶리) 한국수자원공사 대산산업용수센터,26.5,13.5
534421,20190119,충남 서산시 대산읍 평신1로(독곶리) 한국수자원공사 대산산업용수센터,50.0,25.0
534421,20190120,충남 서산시 대산읍 평신1로(독곶리) 한국수자원공사 대산산업용수센터,33.0,12.5
534421,20190121,충남 서산시 대산읍 평신1로(독곶리) 한국수자원공사 대산산업용수센터,23.0,6.5
534421,20190122,충남 서산시 대산읍 평신1로(독곶리) 한국수자원공사 대산산업용수센터,52.0,20.0
534421,20190123,충남 서산시 대산읍 평신1로(독곶리) 한국수자원공사 대산산업용수센터,72.0,34.5
534421,20190124,충남 서산시 대산읍 평신1로(독곶리) 한국수자원공사 대산산업용수센터,25.0,4.5
534421,20190125,충남 서산시 대산읍 평신1로(독곶리) 한국수자원공사 대산산업용수센터,26.0,14.5
534421,20190127,충남 서산시 대산읍 평신1로(독곶리) 한국수자원공사 대산산업용수센터,26.0,10.0
534421,20190128,충남 서산시 대산읍 평신1로(독곶리) 한국수자원공사 대산산업용수센터,78.5,30.0
534421,20190129,충남 서산시 대산읍 평신1로(독곶리) 한국수자원공사 대산산업용수센터,61.0,13.5
534421,20190130,충남 서산시 대산읍 평신1로(독곶리) 한국수자원공사 대산산업용수센터,55.0,18.0
534421,20190131,충남 서산시 대산읍 평신1로(독곶리) 한국수자원공사 대산산업용수센터,40.5,7.5
534422,20190101,충청남도 서산시 중앙로 38-1,26.5,9.0
534422,20190102,충청남도 서산시 중앙로 38-1,34.5,16.5
534422,20190103,충청남도 서산시 중앙로 38-1,45.5,15.5
534422,20190104,충청남도 서산시 중앙로 38-1,58.5,31.5
534422,20190105,충청남도 서산시 중앙로 38-1,31.5,11.0
534422,20190106,충청남도 서산시 중앙로 38-1,67.5,24.5
534422,20190107,충청남도 서산시 중앙로 38-1,60.0,26.5
534422,20190108,충청남도 서산시 중앙로 38-1,47.5,13.5
534422,20190109,충청남도 서산시 중앙로 38-1,39.5,13.0
534422,20190111,충청남도 서산시 중앙로 38-1,63.5,54.0
534422,20190113,충청남도 서산시 중앙로 38-1,87.5,75.0
534422,20190114,충청남도 서산시 중앙로 38-1,100.5,92.5
534422,20190116,충청남도 서산시 중앙로 38-1,44.0,11.0
534422,20190117,충청남도 서산시 중앙로 38-1,52.0,14.0
534422,20190118,충청남도 서산시 중앙로 38-1,81.5,37.0
534422,20190119,충청남도 서산시 중앙로 38-1,71.5,35.0
534422,20190120,충청남도 서산시 중앙로 38-1,34.5,20.0
534422,20190121,충청남도 서산시 중앙로 38-1,39.5,13.5
534422,20190122,충청남도 서산시 중앙로 38-1,76.0,32.0
534422,20190123,충청남도 서산시 중앙로 38-1,120.0,60.0
534422,20190124,충청남도 서산시 중앙로 38-1,70.0,32.5
534422,20190125,충청남도 서산시 중앙로 38-1,70.0,22.5
534422,20190126,충청남도 서산시 중앙로 38-1,37.0,12.5
534422,20190127,충청남도 서산시 중앙로 38-1,43.5,21.5
534422,20190128,충청남도 서산시 중앙로 38-1,97.5,43.0
534422,20190129,충청남도 서산시 중앙로 38-1,75.0,24.0
534422,20190130,충청남도 서산시 중앙로 38-1,79.5,32.5
534422,20190131,충청남도 서산시 중앙로 38-1,47.0,6.0
534423,20190101,충청남도 서산시 대산읍 충의로 1942,23.5,16.5
534423,20190102,충청남도 서산시 대산읍 충의로 1942,32.5,25.0
534423,20190103,충청남도 서산시 대산읍 충의로 1942,24.5,16.0
534423,20190104,충청남도 서산시 대산읍 충의로 1942,29.5,25.0
534423,20190105,충청남도 서산시 대산읍 충의로 1942,33.0,20.0
534423,20190106,충청남도 서산시 대산읍 충의로 1942,52.5,30.0
534423,20190107,충청남도 서산시 대산읍 충의로 1942,28.5,22.5
534423,20190108,충청남도 서산시 대산읍 충의로 1942,29.0,20.5
534423,20190109,충청남도 서산시 대산읍 충의로 1942,30.5,15.0
534423,20190110,충청남도 서산시 대산읍 충의로 1942,45.5,27.5
534423,20190111,충청남도 서산시 대산읍 충의로 1942,71.5,55.5
534423,20190112,충청남도 서산시 대산읍 충의로 1942,95.0,76.0
534423,20190113,충청남도 서산시 대산읍 충의로 1942,85.0,65.0
534423,20190114,충청남도 서산시 대산읍 충의로 1942,125.5,97.5
534423,20190115,충청남도 서산시 대산읍 충의로 1942,118.5,82.0
534423,20190116,충청남도 서산시 대산읍 충의로 1942,26.0,10.5
534423,20190117,충청남도 서산시 대산읍 충의로 1942,47.5,23.0
534423,20190118,충청남도 서산시 대산읍 충의로 1942,25.0,16.5
534423,20190119,충청남도 서산시 대산읍 충의로 1942,51.5,32.5
534423,20190120,충청남도 서산시 대산읍 충의로 1942,37.5,18.0
534423,20190121,충청남도 서산시 대산읍 충의로 1942,24.5,14.0
534423,20190122,충청남도 서산시 대산읍 충의로 1942,47.0,28.0
534423,20190123,충청남도 서산시 대산읍 충의로 1942,69.5,40.0
534423,20190124,충청남도 서산시 대산읍 충의로 1942,30.0,16.0
534423,20190125,충청남도 서산시 대산읍 충의로 1942,26.5,13.5
534423,20190126,충청남도 서산시 대산읍 충의로 1942,30.5,17.5
534423,20190127,충청남도 서산시 대산읍 충의로 1942,24.0,17.5
534423,20190128,충청남도 서산시 대산읍 충의로 1942,83.0,42.0
534423,20190129,충청남도 서산시 대산읍 충의로 1942,60.0,23.0
534423,20190130,충청남도 서산시 대산읍 충의로 1942,48.5,28.0
534423,20190131,충청남도 서산시 대산읍 충의로 1942,46.0,10.5
534421,20190201,충남 서산시 대산읍 평신1로(독곶리) 한국수자원공사 대산산업용수센터,28.0,5.0
534421,20190202,충남 서산시 대산읍 평신1로(독곶리) 한국수자원공사 대산산업용수센터,46.0,22.0
534421,20190203,충남 서산시 대산읍 평신1로(독곶리) 한국수자원공사 대산산업용수센터,13.5,4.0
534421,20190204,충남 서산시 대산읍 평신1로(독곶리) 한국수자원공사 대산산업용수센터,63.0,16.5
534421,20190205,충남 서산시 대산읍 평신1로(독곶리) 한국수자원공사 대산산업용수센터,53.5,14.0
534421,20190206,충남 서산시 대산읍 평신1로(독곶리) 한국수자원공사 대산산업용수센터,76.5,15.5
534421,20190207,충남 서산시 대산읍 평신1로(독곶리) 한국수자원공사 대산산업용수센터,27.0,14.5
534421,20190208,충남 서산시 대산읍 평신1로(독곶리) 한국수자원공사 대산산업용수센터,17.5,3.5
534421,20190209,충남 서산시 대산읍 평신1로(독곶리) 한국수자원공사 대산산업용수센터,29.0,12.0
534421,20190210,충남 서산시 대산읍 평신1로(독곶리) 한국수자원공사 대산산업용수센터,28.5,13.0
534421,20190211,충남 서산시 대산읍 평신1로(독곶리) 한국수자원공사 대산산업용수센터,19.5,3.5
534421,20190212,충남 서산시 대산읍 평신1로(독곶리) 한국수자원공사 대산산업용수센터,46.5,21.5
534421,20190213,충남 서산시 대산읍 평신1로(독곶리) 한국수자원공사 대산산업용수센터,18.0,6.0
534421,20190214,충남 서산시 대산읍 평신1로(독곶리) 한국수자원공사 대산산업용수센터,52.0,17.5
534421,20190215,충남 서산시 대산읍 평신1로(독곶리) 한국수자원공사 대산산업용수센터,18.0,9.0
534421,20190216,충남 서산시 대산읍 평신1로(독곶리) 한국수자원공사 대산산업용수센터,35.0,28.0
534421,20190217,충남 서산시 대산읍 평신1로(독곶리) 한국수자원공사 대산산업용수센터,29.0,9.0
534421,20190218,충남 서산시 대산읍 평신1로(독곶리) 한국수자원공사 대산산업용수센터,23.5,10.5
534421,20190219,충남 서산시 대산읍 평신1로(독곶리) 한국수자원공사 대산산업용수센터,23.0,20.0
534421,20190220,충남 서산시 대산읍 평신1로(독곶리) 한국수자원공사 대산산업용수센터,41.5,32.5
534421,20190221,충남 서산시 대산읍 평신1로(독곶리) 한국수자원공사 대산산업용수센터,44.0,28.5
534421,20190222,충남 서산시 대산읍 평신1로(독곶리) 한국수자원공사 대산산업용수센터,51.5,37.0
534421,20190223,충남 서산시 대산읍 평신1로(독곶리) 한국수자원공사 대산산업용수센터,53.0,40.0
534421,20190224,충남 서산시 대산읍 평신1로(독곶리) 한국수자원공사 대산산업용수센터,53.5,39.0
534421,20190225,충남 서산시 대산읍 평신1로(독곶리) 한국수자원공사 대산산업용수센터,33.5,15.5
534421,20190226,충남 서산시 대산읍 평신1로(독곶리) 한국수자원공사 대산산업용수센터,37.0,12.5
534421,20190227,충남 서산시 대산읍 평신1로(독곶리) 한국수자원공사 대산산업용수센터,55.5,28.5
534421,20190228,충남 서산시 대산읍 평신1로(독곶리) 한국수자원공사 대산산업용수센터,63.0,49.0
534422,20190201,충청남도 서산시 중앙로 38-1,39.5,14.0
534422,20190202,충청남도 서산시 중앙로 38-1,70.0,21.5
534422,20190204,충청남도 서산시 중앙로 38-1,100.0,31.0
534422,20190205,충청남도 서산시 중앙로 38-1,87.5,18.0
534422,20190206,충청남도 서산시 중앙로 38-1,95.5,26.5
534422,20190207,충청남도 서산시 중앙로 38-1,23.0,13.0
534422,20190208,충청남도 서산시 중앙로 38-1,25.5,7.5
534422,20190210,충청남도 서산시 중앙로 38-1,42.5,16.5
534422,20190211,충청남도 서산시 중앙로 38-1,39.0,13.5
534422,20190212,충청남도 서산시 중앙로 38-1,52.5,24.5
534422,20190213,충청남도 서산시 중앙로 38-1,44.0,22.5
534422,20190214,충청남도 서산시 중앙로 38-1,57.0,17.0
534422,20190215,충청남도 서산시 중앙로 38-1,41.5,14.5
534422,20190216,충청남도 서산시 중앙로 38-1,49.5,26.0
534422,20190217,충청남도 서산시 중앙로 38-1,44.5,22.5
534422,20190218,충청남도 서산시 중앙로 38-1,50.0,21.0
534422,20190219,충청남도 서산시 중앙로 38-1,26.0,17.0
534422,20190220,충청남도 서산시 중앙로 38-1,52.5,29.5
534422,20190221,충청남도 서산시 중앙로 38-1,80.0,53.0
534422,20190222,충청남도 서산시 중앙로 38-1,51.0,38.0
534422,20190223,충청남도 서산시 중앙로 38-1,93.5,49.0
534422,20190224,충청남도 서산시 중앙로 38-1,110.0,62.5
534422,20190225,충청남도 서산시 중앙로 38-1,30.0,25.0
534422,20190226,충청남도 서산시 중앙로 38-1,66.0,27.0
534422,20190227,충청남도 서산시 중앙로 38-1,91.0,35.0
534422,20190228,충청남도 서산시 중앙로 38-1,102.0,49.0
534423,20190201,충청남도 서산시 대산읍 충의로 1942,26.0,11.0
534423,20190202,충청남도 서산시 대산읍 충의로 1942,50.5,26.0
534423,20190203,충청남도 서산시 대산읍 충의로 1942,15.0,14.0
534423,20190204,충청남도 서산시 대산읍 충의로 1942,57.0,23.5
534423,20190205,충청남도 서산시 대산읍 충의로 1942,55.0,21.0
534423,20190206,충청남도 서산시 대산읍 충의로 1942,71.5,21.5
534423,20190207,충청남도 서산시 대산읍 충의로 1942,41.5,18.0
534423,20190208,충청남도 서산시 대산읍 충의로 1942,17.5,9.0
534423,20190209,충청남도 서산시 대산읍 충의로 1942,29.0,15.0
534423,20190210,충청남도 서산시 대산읍 충의로 1942,29.0,17.0
534423,20190211,충청남도 서산시 대산읍 충의로 1942,18.5,9.5
534423,20190212,충청남도 서산시 대산읍 충의로 1942,47.5,36.0
534423,20190213,충청남도 서산시 대산읍 충의로 1942,18.0,10.0
534423,20190214,충청남도 서산시 대산읍 충의로 1942,48.0,24.0
534423,20190215,충청남도 서산시 대산읍 충의로 1942,20.0,11.5
534423,20190216,충청남도 서산시 대산읍 충의로 1942,43.5,31.5
534423,20190217,충청남도 서산시 대산읍 충의로 1942,24.5,14.5
534423,20190218,충청남도 서산시 대산읍 충의로 1942,26.0,14.5
534423,20190219,충청남도 서산시 대산읍 충의로 1942,28.5,26.0
534423,20190220,충청남도 서산시 대산읍 충의로 1942,43.0,37.0
534423,20190221,충청남도 서산시 대산읍 충의로 1942,50.5,42.0
534423,20190222,충청남도 서산시 대산읍 충의로 1942,53.0,46.0
534423,20190223,충청남도 서산시 대산읍 충의로 1942,84.0,67.0
534423,20190224,충청남도 서산시 대산읍 충의로 1942,68.0,63.0
534423,20190225,충청남도 서산시 대산읍 충의로 1942,33.0,28.5
534423,20190226,충청남도 서산시 대산읍 충의로 1942,41.5,22.0
534423,20190227,충청남도 서산시 대산읍 충의로 1942,70.5,43.0
534423,20190228,충청남도 서산시 대산읍 충의로 1942,75.5,56.5
534421,20190301,충남 서산시 대산읍 평신1로(독곶리) 한국수자원공사 대산산업용수센터,89.0,69.0
534421,20190302,충남 서산시 대산읍 평신1로(독곶리) 한국수자원공사 대산산업용수센터,74.0,54.5
534421,20190303,충남 서산시 대산읍 평신1로(독곶리) 한국수자원공사 대산산업용수센터,86.5,59.0
534421,20190304,충남 서산시 대산읍 평신1로(독곶리) 한국수자원공사 대산산업용수센터,125.5,82.0
534421,20190306,충남 서산시 대산읍 평신1로(독곶리) 한국수자원공사 대산산업용수센터,171.5,137.0
534421,20190307,충남 서산시 대산읍 평신1로(독곶리) 한국수자원공사 대산산업용수센터,46.0,25.5
534421,20190308,충남 서산시 대산읍 평신1로(독곶리) 한국수자원공사 대산산업용수센터,42.0,19.5
534421,20190309,충남 서산시 대산읍 평신1로(독곶리) 한국수자원공사 대산산업용수센터,73.5,53.0
534421,20190310,충남 서산시 대산읍 평신1로(독곶리) 한국수자원공사 대산산업용수센터,62.0,41.0
534421,20190311,충남 서산시 대산읍 평신1로(독곶리) 한국수자원공사 대산산업용수센터,32.5,18.0
534421,20190312,충남 서산시 대산읍 평신1로(독곶리) 한국수자원공사 대산산업용수센터,94.0,55.0
534421,20190313,충남 서산시 대산읍 평신1로(독곶리) 한국수자원공사 대산산업용수센터,41.5,6.5
534421,20190314,충남 서산시 대산읍 평신1로(독곶리) 한국수자원공사 대산산업용수센터,34.5,6.0
534421,20190315,충남 서산시 대산읍 평신1로(독곶리) 한국수자원공사 대산산업용수센터,43.0,21.5
534421,20190316,충남 서산시 대산읍 평신1로(독곶리) 한국수자원공사 대산산업용수센터,41.0,22.0
534421,20190317,충남 서산시 대산읍 평신1로(독곶리) 한국수자원공사 대산산업용수센터,32.5,8.0
534421,20190318,충남 서산시 대산읍 평신1로(독곶리) 한국수자원공사 대산산업용수센터,42.0,4.0
534421,20190319,충남 서산시 대산읍 평신1로(독곶리) 한국수자원공사 대산산업용수센터,28.0,9.0
534421,20190320,충남 서산시 대산읍 평신1로(독곶리) 한국수자원공사 대산산업용수센터,86.0,66.0
534421,20190321,충남 서산시 대산읍 평신1로(독곶리) 한국수자원공사 대산산업용수센터,40.0,19.0
534421,20190323,충남 서산시 대산읍 평신1로(독곶리) 한국수자원공사 대산산업용수센터,31.0,3.0
534421,20190324,충남 서산시 대산읍 평신1로(독곶리) 한국수자원공사 대산산업용수센터,43.5,3.5
534421,20190325,충남 서산시 대산읍 평신1로(독곶리) 한국수자원공사 대산산업용수센터,34.0,17.5
534421,20190326,충남 서산시 대산읍 평신1로(독곶리) 한국수자원공사 대산산업용수센터,79.0,51.5
534421,20190327,충남 서산시 대산읍 평신1로(독곶리) 한국수자원공사 대산산업용수센터,69.5,37.5
534421,20190328,충남 서산시 대산읍 평신1로(독곶리) 한국수자원공사 대산산업용수센터,46.0,8.5
534421,20190329,충남 서산시 대산읍 평신1로(독곶리) 한국수자원공사 대산산업용수센터,55.5,13.0
534421,20190330,충남 서산시 대산읍 평신1로(독곶리) 한국수자원공사 대산산업용수센터,32.0,14.5
534421,20190331,충남 서산시 대산읍 평신1로(독곶리) 한국수자원공사 대산산업용수센터,54.5,14.5
534422,20190301,충청남도 서산시 중앙로 38-1,141.0,92.0
534422,20190302,충청남도 서산시 중앙로 38-1,136.0,96.5
534422,20190303,충청남도 서산시 중앙로 38-1,131.0,67.5
534422,20190304,충청남도 서산시 중앙로 38-1,182.5,107.5
534422,20190305,충청남도 서산시 중앙로 38-1,137.0,53.5
534422,20190306,충청남도 서산시 중앙로 38-1,145.5,104.5
534422,20190307,충청남도 서산시 중앙로 38-1,40.5,25.0
534422,20190308,충청남도 서산시 중앙로 38-1,59.0,28.0
534422,20190309,충청남도 서산시 중앙로 38-1,55.0,38.0
534422,20190310,충청남도 서산시 중앙로 38-1,52.5,26.0
534422,20190311,충청남도 서산시 중앙로 38-1,51.0,25.0
534422,20190312,충청남도 서산시 중앙로 38-1,66.0,25.5
534422,20190313,충청남도 서산시 중앙로 38-1,39.0,5.5
534422,20190314,충청남도 서산시 중앙로 38-1,44.5,4.5
534422,20190315,충청남도 서산시 중앙로 38-1,29.0,17.0
534422,20190316,충청남도 서산시 중앙로 38-1,42.5,16.5
534422,20190317,충청남도 서산시 중앙로 38-1,41.5,12.0
534422,20190318,충청남도 서산시 중앙로 38-1,51.5,5.5
534422,20190319,충청남도 서산시 중앙로 38-1,35.0,9.0
534422,20190320,충청남도 서산시 중앙로 38-1,46.0,30.5
534422,20190321,충청남도 서산시 중앙로 38-1,31.0,16.0
534422,20190322,충청남도 서산시 중앙로 38-1,51.0,11.5
534422,20190323,충청남도 서산시 중앙로 38-1,34.5,6.5
534422,20190324,충청남도 서산시 중앙로 38-1,44.0,9.5
534422,20190325,충청남도 서산시 중앙로 38-1,42.0,9.0
534422,20190326,충청남도 서산시 중앙로 38-1,71.5,33.0
534422,20190327,충청남도 서산시 중앙로 38-1,43.5,29.0
534422,20190328,충청남도 서산시 중앙로 38-1,30.0,14.0
534422,20190329,충청남도 서산시 중앙로 38-1,45.0,15.0
534422,20190330,충청남도 서산시 중앙로 38-1,30.0,14.0
534422,20190331,충청남도 서산시 중앙로 38-1,48.5,14.5
534423,20190301,충청남도 서산시 대산읍 충의로 1942,97.0,86.5
534423,20190302,충청남도 서산시 대산읍 충의로 1942,80.5,80.0
534423,20190303,충청남도 서산시 대산읍 충의로 1942,106.5,86.0
534423,20190304,충청남도 서산시 대산읍 충의로 1942,132.5,94.0
534423,20190305,충청남도 서산시 대산읍 충의로 1942,133.5,85.5
534423,20190306,충청남도 서산시 대산읍 충의로 1942,168.0,122.0
534423,20190307,충청남도 서산시 대산읍 충의로 1942,51.5,33.0
534423,20190308,충청남도 서산시 대산읍 충의로 1942,42.5,23.5
534423,20190309,충청남도 서산시 대산읍 충의로 1942,50.5,36.5
534423,20190310,충청남도 서산시 대산읍 충의로 1942,50.5,35.5
534423,20190311,충청남도 서산시 대산읍 충의로 1942,30.0,21.0
534423,20190312,충청남도 서산시 대산읍 충의로 1942,54.0,41.5
534423,20190313,충청남도 서산시 대산읍 충의로 1942,30.0,10.5
534423,20190314,충청남도 서산시 대산읍 충의로 1942,33.5,12.5
534423,20190315,충청남도 서산시 대산읍 충의로 1942,37.5,27.0
534423,20190316,충청남도 서산시 대산읍 충의로 1942,35.0,24.5
534423,20190317,충청남도 서산시 대산읍 충의로 1942,28.5,16.0
534423,20190318,충청남도 서산시 대산읍 충의로 1942,39.0,15.5
534423,20190319,충청남도 서산시 대산읍 충의로 1942,25.5,18.0
534423,20190320,충청남도 서산시 대산읍 충의로 1942,96.0,69.0
534423,20190321,충청남도 서산시 대산읍 충의로 1942,29.0,22.0
534423,20190322,충청남도 서산시 대산읍 충의로 1942,61.0,17.0
534423,20190323,충청남도 서산시 대산읍 충의로 1942,18.0,8.5
534423,20190324,충청남도 서산시 대산읍 충의로 1942,30.0,10.5
534423,20190325,충청남도 서산시 대산읍 충의로 1942,30.0,15.0
534423,20190326,충청남도 서산시 대산읍 충의로 1942,58.0,38.5
534423,20190327,충청남도 서산시 대산읍 충의로 1942,43.0,21.0
534423,20190328,충청남도 서산시 대산읍 충의로 1942,36.5,16.5
534423,20190329,충청남도 서산시 대산읍 충의로 1942,36.0,17.0
534423,20190330,충청남도 서산시 대산읍 충의로 1942,26.0,19.0
534423,20190331,충청남도 서산시 대산읍 충의로 1942,41.5,20.0
534421,20190401,충남 서산시 대산읍 평신1로(독곶리) 한국수자원공사 대산산업용수센터,37.0,5.5
534421,20190402,충남 서산시 대산읍 평신1로(독곶리) 한국수자원공사 대산산업용수센터,35.0,7.0
534421,20190403,충남 서산시 대산읍 평신1로(독곶리) 한국수자원공사 대산산업용수센터,38.5,9.5
534421,20190404,충남 서산시 대산읍 평신1로(독곶리) 한국수자원공사 대산산업용수센터,43.0,12.5
534421,20190405,충남 서산시 대산읍 평신1로(독곶리) 한국수자원공사 대산산업용수센터,81.5,40.0
534421,20190406,충남 서산시 대산읍 평신1로(독곶리) 한국수자원공사 대산산업용수센터,72.0,15.0
534421,20190407,충남 서산시 대산읍 평신1로(독곶리) 한국수자원공사 대산산업용수센터,55.0,14.5
534421,20190408,충남 서산시 대산읍 평신1로(독곶리) 한국수자원공사 대산산업용수센터,46.0,11.0
534421,20190409,충남 서산시 대산읍 평신1로(독곶리) 한국수자원공사 대산산업용수센터,53.5,11.0
534421,20190410,충남 서산시 대산읍 평신1로(독곶리) 한국수자원공사 대산산업용수센터,12.5,1.5
534421,20190411,충남 서산시 대산읍 평신1로(독곶리) 한국수자원공사 대산산업용수센터,17.0,8.0
534421,20190412,충남 서산시 대산읍 평신1로(독곶리) 한국수자원공사 대산산업용수센터,39.5,11.0
534421,20190413,충남 서산시 대산읍 평신1로(독곶리) 한국수자원공사 대산산업용수센터,43.0,18.0
534421,20190414,충남 서산시 대산읍 평신1로(독곶리) 한국수자원공사 대산산업용수센터,55.0,34.0
534421,20190415,충남 서산시 대산읍 평신1로(독곶리) 한국수자원공사 대산산업용수센터,55.5,11.5
534421,20190416,충남 서산시 대산읍 평신1로(독곶리) 한국수자원공사 대산산업용수센터,49.5,10.0
534421,20190417,충남 서산시 대산읍 평신1로(독곶리) 한국수자원공사 대산산업용수센터,39.5,14.5
534421,20190418,충남 서산시 대산읍 평신1로(독곶리) 한국수자원공사 대산산업용수센터,16.0,1.0
534421,20190419,충남 서산시 대산읍 평신1로(독곶리) 한국수자원공사 대산산업용수센터,73.5,52.0
534421,20190420,충남 서산시 대산읍 평신1로(독곶리) 한국수자원공사 대산산업용수센터,36.0,35.0
534421,20190421,충남 서산시 대산읍 평신1로(독곶리) 한국수자원공사 대산산업용수센터,40.0,19.0
534421,20190422,충남 서산시 대산읍 평신1로(독곶리) 한국수자원공사 대산산업용수센터,63.0,34.5
534421,20190423,충남 서산시 대산읍 평신1로(독곶리) 한국수자원공사 대산산업용수센터,147.0,88.5
534421,20190425,충남 서산시 대산읍 평신1로(독곶리) 한국수자원공사 대산산업용수센터,61.0,24.5
534421,20190426,충남 서산시 대산읍 평신1로(독곶리) 한국수자원공사 대산산업용수센터,11.0,3.0
534421,20190427,충남 서산시 대산읍 평신1로(독곶리) 한국수자원공사 대산산업용수센터,19.0,10.5
534421,20190428,충남 서산시 대산읍 평신1로(독곶리) 한국수자원공사 대산산업용수센터,14.0,6.5
534421,20190429,충남 서산시 대산읍 평신1로(독곶리) 한국수자원공사 대산산업용수센터,46.5,29.5
534421,20190430,충남 서산시 대산읍 평신1로(독곶리) 한국수자원공사 대산산업용수센터,41.0,18.5
534422,20190403,충청남도 서산시 중앙로 38-1,49.5,11.0
534422,20190404,충청남도 서산시 중앙로 38-1,51.0,17.5
534422,20190405,충청남도 서산시 중앙로 38-1,65.5,27.5
534422,20190406,충청남도 서산시 중앙로 38-1,75.0,10.5
534422,20190407,충청남도 서산시 중앙로 38-1,38.0,15.0
534422,20190408,충청남도 서산시 중앙로 38-1,36.5,14.0
534422,20190409,충청남도 서산시 중앙로 38-1,44.0,9.0
534422,20190410,충청남도 서산시 중앙로 38-1,14.0,5.5
534422,20190411,충청남도 서산시 중앙로 38-1,39.0,7.5
534422,20190412,충청남도 서산시 중앙로 38-1,51.0,28.5
534422,20190413,충청남도 서산시 중앙로 38-1,50.0,19.0
534422,20190414,충청남도 서산시 중앙로 38-1,38.0,13.0
534422,20190415,충청남도 서산시 중앙로 38-1,59.0,9.0
534422,20190416,충청남도 서산시 중앙로 38-1,55.5,10.0
534422,20190417,충청남도 서산시 중앙로 38-1,56.5,13.5
534422,20190418,충청남도 서산시 중앙로 38-1,24.0,9.0
534422,20190419,충청남도 서산시 중앙로 38-1,70.5,33.0
534422,20190420,충청남도 서산시 중앙로 38-1,40.5,17.5
534422,20190421,충청남도 서산시 중앙로 38-1,43.5,24.0
534422,20190422,충청남도 서산시 중앙로 38-1,53.5,21.0
534422,20190423,충청남도 서산시 중앙로 38-1,95.5,42.0
534422,20190424,충청남도 서산시 중앙로 38-1,18.5,13.0
534422,20190425,충청남도 서산시 중앙로 38-1,53.5,19.0
534422,20190427,충청남도 서산시 중앙로 38-1,28.0,11.0
534422,20190428,충청남도 서산시 중앙로 38-1,19.0,12.5
534422,20190429,충청남도 서산시 중앙로 38-1,31.0,10.0
534422,20190430,충청남도 서산시 중앙로 38-1,48.0,20.5
534423,20190401,충청남도 서산시 대산읍 충의로 1942,20.5,9.0
534423,20190402,충청남도 서산시 대산읍 충의로 1942,19.5,8.5
534423,20190403,충청남도 서산시 대산읍 충의로 1942,29.5,14.0
534423,20190404,충청남도 서산시 대산읍 충의로 1942,25.5,14.0
534423,20190405,충청남도 서산시 대산읍 충의로 1942,68.0,36.0
534423,20190406,충청남도 서산시 대산읍 충의로 1942,63.5,19.5
534423,20190407,충청남도 서산시 대산읍 충의로 1942,42.5,9.0
534423,20190408,충청남도 서산시 대산읍 충의로 1942,43.5,11.5
534423,20190409,충청남도 서산시 대산읍 충의로 1942,26.5,9.5
534423,20190410,충청남도 서산시 대산읍 충의로 1942,10.0,3.0
534423,20190411,충청남도 서산시 대산읍 충의로 1942,23.0,13.5
534423,20190412,충청남도 서산시 대산읍 충의로 1942,32.5,14.0
534423,20190413,충청남도 서산시 대산읍 충의로 1942,45.0,28.0
534423,20190414,충청남도 서산시 대산읍 충의로 1942,29.5,20.0
534423,20190415,충청남도 서산시 대산읍 충의로 1942,45.5,10.0
534423,20190416,충청남도 서산시 대산읍 충의로 1942,35.0,19.5
534423,20190417,충청남도 서산시 대산읍 충의로 1942,42.0,18.0
534423,20190418,충청남도 서산시 대산읍 충의로 1942,14.0,3.5
534423,20190419,충청남도 서산시 대산읍 충의로 1942,56.0,33.5
534423,20190420,충청남도 서산시 대산읍 충의로 1942,29.5,17.0
534423,20190421,충청남도 서산시 대산읍 충의로 1942,28.0,19.5
534423,20190422,충청남도 서산시 대산읍 충의로 1942,45.5,24.5
534423,20190423,충청남도 서산시 대산읍 충의로 1942,66.0,34.5
534423,20190424,충청남도 서산시 대산읍 충의로 1942,16.0,16.0
534423,20190425,충청남도 서산시 대산읍 충의로 1942,43.0,29.5
534423,20190426,충청남도 서산시 대산읍 충의로 1942,11.5,6.0
534423,20190427,충청남도 서산시 대산읍 충의로 1942,16.0,4.5
534423,20190428,충청남도 서산시 대산읍 충의로 1942,18.5,13.0
534423,20190429,충청남도 서산시 대산읍 충의로 1942,43.0,24.0
534423,20190430,충청남도 서산시 대산읍 충의로 1942,36.5,24.0
534421,20190501,충남 서산시 대산읍 평신1로(독곶리) 한국수자원공사 대산산업용수센터,23.0,12.5
534421,20190502,충남 서산시 대산읍 평신1로(독곶리) 한국수자원공사 대산산업용수센터,47.5,9.5
534421,20190503,충남 서산시 대산읍 평신1로(독곶리) 한국수자원공사 대산산업용수센터,53.0,16.5
534421,20190504,충남 서산시 대산읍 평신1로(독곶리) 한국수자원공사 대산산업용수센터,90.0,53.0
534421,20190505,충남 서산시 대산읍 평신1로(독곶리) 한국수자원공사 대산산업용수센터,48.0,18.0
534421,20190506,충남 서산시 대산읍 평신1로(독곶리) 한국수자원공사 대산산업용수센터,34.5,7.0
534421,20190507,충남 서산시 대산읍 평신1로(독곶리) 한국수자원공사 대산산업용수센터,62.0,18.0
534421,20190508,충남 서산시 대산읍 평신1로(독곶리) 한국수자원공사 대산산업용수센터,53.0,11.5
534421,20190512,충남 서산시 대산읍 평신1로(독곶리) 한국수자원공사 대산산업용수센터,48.0,17.0
534421,20190513,충남 서산시 대산읍 평신1로(독곶리) 한국수자원공사 대산산업용수센터,52.0,22.0
534421,20190515,충남 서산시 대산읍 평신1로(독곶리) 한국수자원공사 대산산업용수센터,39.5,23.5
534421,20190516,충남 서산시 대산읍 평신1로(독곶리) 한국수자원공사 대산산업용수센터,71.0,26.0
534421,20190517,충남 서산시 대산읍 평신1로(독곶리) 한국수자원공사 대산산업용수센터,47.5,23.5
534421,20190519,충남 서산시 대산읍 평신1로(독곶리) 한국수자원공사 대산산업용수센터,17.5,4.0
534421,20190520,충남 서산시 대산읍 평신1로(독곶리) 한국수자원공사 대산산업용수센터,57.5,3.0
534421,20190521,충남 서산시 대산읍 평신1로(독곶리) 한국수자원공사 대산산업용수센터,48.0,7.5
534421,20190522,충남 서산시 대산읍 평신1로(독곶리) 한국수자원공사 대산산업용수센터,54.0,16.0
534421,20190523,충남 서산시 대산읍 평신1로(독곶리) 한국수자원공사 대산산업용수센터,89.5,24.0
534421,20190524,충남 서산시 대산읍 평신1로(독곶리) 한국수자원공사 대산산업용수센터,94.5,33.5
534421,20190525,충남 서산시 대산읍 평신1로(독곶리) 한국수자원공사 대산산업용수센터,48.5,24.5
534421,20190526,충남 서산시 대산읍 평신1로(독곶리) 한국수자원공사 대산산업용수센터,37.5,19.0
534421,20190527,충남 서산시 대산읍 평신1로(독곶리) 한국수자원공사 대산산업용수센터,7.5,1.0
534421,20190528,충남 서산시 대산읍 평신1로(독곶리) 한국수자원공사 대산산업용수센터,17.0,5.5
534421,20190530,충남 서산시 대산읍 평신1로(독곶리) 한국수자원공사 대산산업용수센터,44.0,25.0
534421,20190531,충남 서산시 대산읍 평신1로(독곶리) 한국수자원공사 대산산업용수센터,21.5,5.5
534422,20190501,충청남도 서산시 중앙로 38-1,35.0,11.5
534422,20190502,충청남도 서산시 중앙로 38-1,50.0,11.0
534422,20190503,충청남도 서산시 중앙로 38-1,68.0,23.0
534422,20190504,충청남도 서산시 중앙로 38-1,62.0,34.0
534422,20190505,충청남도 서산시 중앙로 38-1,32.5,22.5
534422,20190506,충청남도 서산시 중앙로 38-1,51.5,3.5
534422,20190507,충청남도 서산시 중앙로 38-1,68.0,12.0
534422,20190508,충청남도 서산시 중앙로 38-1,35.0,11.5
534422,20190511,충청남도 서산시 중앙로 38-1,34.5,12.0
534422,20190512,충청남도 서산시 중앙로 38-1,35.5,11.0
534422,20190513,충청남도 서산시 중앙로 38-1,42.5,18.0
534422,20190515,충청남도 서산시 중앙로 38-1,46.0,39.0
534422,20190516,충청남도 서산시 중앙로 38-1,73.0,54.0
534422,20190517,충청남도 서산시 중앙로 38-1,47.5,18.0
534422,20190518,충청남도 서산시 중앙로 38-1,17.5,0.0
534422,20190519,충청남도 서산시 중앙로 38-1,16.0,9.0
534422,20190520,충청남도 서산시 중앙로 38-1,59.5,5.5
534422,20190521,충청남도 서산시 중앙로 38-1,50.0,12.5
534422,20190522,충청남도 서산시 중앙로 38-1,72.0,36.0
534422,20190523,충청남도 서산시 중앙로 38-1,84.0,59.5
534422,20190524,충청남도 서산시 중앙로 38-1,100.5,51.5
534422,20190525,충청남도 서산시 중앙로 38-1,44.5,21.0
534422,20190526,충청남도 서산시 중앙로 38-1,35.5,18.5
534422,20190527,충청남도 서산시 중앙로 38-1,6.0,3.5
534422,20190528,충청남도 서산시 중앙로 38-1,13.0,6.0
534422,20190529,충청남도 서산시 중앙로 38-1,51.0,32.5
534422,20190530,충청남도 서산시 중앙로 38-1,52.5,32.0
534422,20190531,충청남도 서산시 중앙로 38-1,14.0,1.0
534423,20190501,충청남도 서산시 대산읍 충의로 1942,21.0,14.5
534423,20190502,충청남도 서산시 대산읍 충의로 1942,41.5,6.5
534423,20190503,충청남도 서산시 대산읍 충의로 1942,63.0,26.0
534423,20190504,충청남도 서산시 대산읍 충의로 1942,66.0,34.5
534423,20190505,충청남도 서산시 대산읍 충의로 1942,50.0,28.0
534423,20190506,충청남도 서산시 대산읍 충의로 1942,26.5,6.0
534423,20190507,충청남도 서산시 대산읍 충의로 1942,55.5,18.0
534423,20190508,충청남도 서산시 대산읍 충의로 1942,38.5,11.0
534423,20190509,충청남도 서산시 대산읍 충의로 1942,28.5,10.0
534423,20190510,충청남도 서산시 대산읍 충의로 1942,36.5,19.5
534423,20190511,충청남도 서산시 대산읍 충의로 1942,31.5,18.5
534423,20190512,충청남도 서산시 대산읍 충의로 1942,40.5,21.0
534423,20190513,충청남도 서산시 대산읍 충의로 1942,39.0,23.5
534423,20190514,충청남도 서산시 대산읍 충의로 1942,34.5,24.0
534423,20190515,충청남도 서산시 대산읍 충의로 1942,49.5,35.0
534423,20190516,충청남도 서산시 대산읍 충의로 1942,50.0,28.0
534423,20190517,충청남도 서산시 대산읍 충의로 1942,58.5,37.5
534423,20190518,충청남도 서산시 대산읍 충의로 1942,17.5,4.0
534423,20190519,충청남도 서산시 대산읍 충의로 1942,15.0,8.0
534423,20190520,충청남도 서산시 대산읍 충의로 1942,48.5,4.5
534423,20190521,충청남도 서산시 대산읍 충의로 1942,39.5,7.5
534423,20190522,충청남도 서산시 대산읍 충의로 1942,30.0,14.0
534423,20190523,충청남도 서산시 대산읍 충의로 1942,67.5,38.0
534423,20190524,충청남도 서산시 대산읍 충의로 1942,75.5,41.5
534423,20190526,충청남도 서산시 대산읍 충의로 1942,36.0,19.0
534423,20190527,충청남도 서산시 대산읍 충의로 1942,14.0,4.0
534423,20190528,충청남도 서산시 대산읍 충의로 1942,17.5,8.0
534423,20190529,충청남도 서산시 대산읍 충의로 1942,18.0,14.0
534423,20190530,충청남도 서산시 대산읍 충의로 1942,29.5,18.5
534423,20190531,충청남도 서산시 대산읍 충의로 1942,17.5,9.0
534421,20190601,충남 서산시 대산읍 평신1로(독곶리) 한국수자원공사 대산산업용수센터,24.0,16.0
534421,20190602,충남 서산시 대산읍 평신1로(독곶리) 한국수자원공사 대산산업용수센터,6.5,2.0
534421,20190603,충남 서산시 대산읍 평신1로(독곶리) 한국수자원공사 대산산업용수센터,17.0,3.5
534421,20190604,충남 서산시 대산읍 평신1로(독곶리) 한국수자원공사 대산산업용수센터,25.5,10.0
534421,20190605,충남 서산시 대산읍 평신1로(독곶리) 한국수자원공사 대산산업용수센터,48.0,30.5
534421,20190606,충남 서산시 대산읍 평신1로(독곶리) 한국수자원공사 대산산업용수센터,60.5,26.5
534421,20190607,충남 서산시 대산읍 평신1로(독곶리) 한국수자원공사 대산산업용수센터,17.5,9.5
534421,20190608,충남 서산시 대산읍 평신1로(독곶리) 한국수자원공사 대산산업용수센터,33.5,15.5
534421,20190609,충남 서산시 대산읍 평신1로(독곶리) 한국수자원공사 대산산업용수센터,13.5,11.0
534421,20190610,충남 서산시 대산읍 평신1로(독곶리) 한국수자원공사 대산산업용수센터,13.5,6.0
534421,20190611,충남 서산시 대산읍 평신1로(독곶리) 한국수자원공사 대산산업용수센터,13.5,6.5
534421,20190612,충남 서산시 대산읍 평신1로(독곶리) 한국수자원공사 대산산업용수센터,22.0,12.5
534421,20190613,충남 서산시 대산읍 평신1로(독곶리) 한국수자원공사 대산산업용수센터,25.0,14.0
534421,20190614,충남 서산시 대산읍 평신1로(독곶리) 한국수자원공사 대산산업용수센터,23.0,18.0
534421,20190615,충남 서산시 대산읍 평신1로(독곶리) 한국수자원공사 대산산업용수센터,29.0,18.5
534421,20190616,충남 서산시 대산읍 평신1로(독곶리) 한국수자원공사 대산산업용수센터,30.5,23.0
534421,20190617,충남 서산시 대산읍 평신1로(독곶리) 한국수자원공사 대산산업용수센터,21.0,12.5
534421,20190618,충남 서산시 대산읍 평신1로(독곶리) 한국수자원공사 대산산업용수센터,22.0,10.0
534421,20190619,충남 서산시 대산읍 평신1로(독곶리) 한국수자원공사 대산산업용수센터,28.5,23.5
534421,20190620,충남 서산시 대산읍 평신1로(독곶리) 한국수자원공사 대산산업용수센터,17.5,15.5
534421,20190621,충남 서산시 대산읍 평신1로(독곶리) 한국수자원공사 대산산업용수센터,17.0,15.0
534421,20190622,충남 서산시 대산읍 평신1로(독곶리) 한국수자원공사 대산산업용수센터,26.0,8.5
534421,20190623,충남 서산시 대산읍 평신1로(독곶리) 한국수자원공사 대산산업용수센터,16.5,6.5
534421,20190624,충남 서산시 대산읍 평신1로(독곶리) 한국수자원공사 대산산업용수센터,32.0,20.0
534421,20190625,충남 서산시 대산읍 평신1로(독곶리) 한국수자원공사 대산산업용수센터,41.0,26.0
534421,20190626,충남 서산시 대산읍 평신1로(독곶리) 한국수자원공사 대산산업용수센터,38.5,20.5
534421,20190627,충남 서산시 대산읍 평신1로(독곶리) 한국수자원공사 대산산업용수센터,32.5,19.5
534421,20190628,충남 서산시 대산읍 평신1로(독곶리) 한국수자원공사 대산산업용수센터,26.5,20.0
534421,20190629,충남 서산시 대산읍 평신1로(독곶리) 한국수자원공사 대산산업용수센터,32.5,20.5
534421,20190630,충남 서산시 대산읍 평신1로(독곶리) 한국수자원공사 대산산업용수센터,22.5,16.0
534422,20190601,충청남도 서산시 중앙로 38-1,22.0,7.5
534422,20190602,충청남도 서산시 중앙로 38-1,19.5,6.0
534422,20190603,충청남도 서산시 중앙로 38-1,40.5,5.5
534422,20190604,충청남도 서산시 중앙로 38-1,38.0,5.0
534422,20190605,충청남도 서산시 중앙로 38-1,37.5,26.5
534422,20190606,충청남도 서산시 중앙로 38-1,47.5,34.5
534422,20190607,충청남도 서산시 중앙로 38-1,9.0,5.0
534422,20190608,충청남도 서산시 중앙로 38-1,20.0,9.5
534422,20190609,충청남도 서산시 중앙로 38-1,17.5,13.0
534422,20190610,충청남도 서산시 중앙로 38-1,18.0,14.0
534422,20190611,충청남도 서산시 중앙로 38-1,21.0,7.0
534422,20190612,충청남도 서산시 중앙로 38-1,29.5,15.0
534422,20190613,충청남도 서산시 중앙로 38-1,27.0,7.0
534422,20190615,충청남도 서산시 중앙로 38-1,26.5,17.5
534422,20190616,충청남도 서산시 중앙로 38-1,27.5,16.0
534422,20190617,충청남도 서산시 중앙로 38-1,20.0,11.0
534422,20190622,충청남도 서산시 중앙로 38-1,31.0,21.0
534422,20190623,충청남도 서산시 중앙로 38-1,24.5,12.0
534422,20190624,충청남도 서산시 중앙로 38-1,32.5,15.5
534422,20190625,충청남도 서산시 중앙로 38-1,30.5,20.0
534422,20190626,충청남도 서산시 중앙로 38-1,54.0,34.5
534422,20190627,충청남도 서산시 중앙로 38-1,33.5,26.5
534422,20190628,충청남도 서산시 중앙로 38-1,31.0,17.0
534422,20190629,충청남도 서산시 중앙로 38-1,25.5,19.5
534422,20190630,충청남도 서산시 중앙로 38-1,23.5,15.0
534423,20190601,충청남도 서산시 대산읍 충의로 1942,25.5,13.5
534423,20190602,충청남도 서산시 대산읍 충의로 1942,20.0,11.5
534423,20190603,충청남도 서산시 대산읍 충의로 1942,14.0,6.5
534423,20190604,충청남도 서산시 대산읍 충의로 1942,23.5,10.5
534423,20190605,충청남도 서산시 대산읍 충의로 1942,54.0,35.0
534423,20190606,충청남도 서산시 대산읍 충의로 1942,50.5,34.5
534423,20190607,충청남도 서산시 대산읍 충의로 1942,15.0,8.0
534423,20190608,충청남도 서산시 대산읍 충의로 1942,24.0,14.0
534423,20190609,충청남도 서산시 대산읍 충의로 1942,17.5,9.5
534423,20190610,충청남도 서산시 대산읍 충의로 1942,19.5,1.5
534423,20190611,충청남도 서산시 대산읍 충의로 1942,17.5,9.0
534423,20190612,충청남도 서산시 대산읍 충의로 1942,22.0,12.5
534423,20190618,충청남도 서산시 대산읍 충의로 1942,27.0,18.0
534423,20190619,충청남도 서산시 대산읍 충의로 1942,30.5,21.0
534423,20190620,충청남도 서산시 대산읍 충의로 1942,26.0,16.0
534423,20190621,충청남도 서산시 대산읍 충의로 1942,25.5,8.0
534423,20190622,충청남도 서산시 대산읍 충의로 1942,28.0,16.0
534423,20190623,충청남도 서산시 대산읍 충의로 1942,14.5,7.5
534423,20190625,충청남도 서산시 대산읍 충의로 1942,26.0,13.0
534423,20190626,충청남도 서산시 대산읍 충의로 1942,43.0,27.0
534423,20190627,충청남도 서산시 대산읍 충의로 1942,30.5,22.5
534423,20190628,충청남도 서산시 대산읍 충의로 1942,34.0,21.0
534423,20190629,충청남도 서산시 대산읍 충의로 1942,26.0,20.0
534423,20190630,충청남도 서산시 대산읍 충의로 1942,22.0,19.0
534421,20190701,충남 서산시 대산읍 평신1로(독곶리) 한국수자원공사 대산산업용수센터,29.0,18.0
534421,20190702,충남 서산시 대산읍 평신1로(독곶리) 한국수자원공사 대산산업용수센터,24.0,19.5
534421,20190703,충남 서산시 대산읍 평신1로(독곶리) 한국수자원공사 대산산업용수센터,27.5,17.0
534421,20190704,충남 서산시 대산읍 평신1로(독곶리) 한국수자원공사 대산산업용수센터,29.0,14.0
534421,20190705,충남 서산시 대산읍 평신1로(독곶리) 한국수자원공사 대산산업용수센터,36.5,29.0
534421,20190706,충남 서산시 대산읍 평신1로(독곶리) 한국수자원공사 대산산업용수센터,48.0,25.5
534421,20190707,충남 서산시 대산읍 평신1로(독곶리) 한국수자원공사 대산산업용수센터,35.5,20.5
534421,20190708,충남 서산시 대산읍 평신1로(독곶리) 한국수자원공사 대산산업용수센터,17.0,10.5
534421,20190713,충남 서산시 대산읍 평신1로(독곶리) 한국수자원공사 대산산업용수센터,18.0,14.0
534421,20190714,충남 서산시 대산읍 평신1로(독곶리) 한국수자원공사 대산산업용수센터,52.5,48.0
534421,20190715,충남 서산시 대산읍 평신1로(독곶리) 한국수자원공사 대산산업용수센터,50.5,39.5
534421,20190716,충남 서산시 대산읍 평신1로(독곶리) 한국수자원공사 대산산업용수센터,29.0,20.5
534421,20190717,충남 서산시 대산읍 평신1로(독곶리) 한국수자원공사 대산산업용수센터,49.0,37.5
534421,20190718,충남 서산시 대산읍 평신1로(독곶리) 한국수자원공사 대산산업용수센터,37.5,29.0
534421,20190719,충남 서산시 대산읍 평신1로(독곶리) 한국수자원공사 대산산업용수센터,44.0,31.5
534421,20190720,충남 서산시 대산읍 평신1로(독곶리) 한국수자원공사 대산산업용수센터,14.0,1.5
534421,20190721,충남 서산시 대산읍 평신1로(독곶리) 한국수자원공사 대산산업용수센터,7.5,2.5
534421,20190722,충남 서산시 대산읍 평신1로(독곶리) 한국수자원공사 대산산업용수센터,35.0,27.5
534421,20190723,충남 서산시 대산읍 평신1로(독곶리) 한국수자원공사 대산산업용수센터,23.0,13.0
534421,20190724,충남 서산시 대산읍 평신1로(독곶리) 한국수자원공사 대산산업용수센터,20.5,11.5
534421,20190725,충남 서산시 대산읍 평신1로(독곶리) 한국수자원공사 대산산업용수센터,17.0,12.0
534421,20190726,충남 서산시 대산읍 평신1로(독곶리) 한국수자원공사 대산산업용수센터,15.0,7.0
534421,20190727,충남 서산시 대산읍 평신1로(독곶리) 한국수자원공사 대산산업용수센터,16.5,1.0
534421,20190728,충남 서산시 대산읍 평신1로(독곶리) 한국수자원공사 대산산업용수센터,13.5,5.5
534421,20190729,충남 서산시 대산읍 평신1로(독곶리) 한국수자원공사 대산산업용수센터,14.0,8.5
534421,20190730,충남 서산시 대산읍 평신1로(독곶리) 한국수자원공사 대산산업용수센터,17.0,5.5
534422,20190701,충청남도 서산시 중앙로 38-1,28.0,20.0
534422,20190702,충청남도 서산시 중앙로 38-1,29.5,21.5
534422,20190703,충청남도 서산시 중앙로 38-1,26.0,17.5
534422,20190704,충청남도 서산시 중앙로 38-1,22.0,18.0
534422,20190705,충청남도 서산시 중앙로 38-1,43.0,35.0
534422,20190706,충청남도 서산시 중앙로 38-1,30.0,19.5
534422,20190707,충청남도 서산시 중앙로 38-1,30.5,22.5
534422,20190708,충청남도 서산시 중앙로 38-1,21.5,6.5
534422,20190709,충청남도 서산시 중앙로 38-1,20.0,5.0
534422,20190710,충청남도 서산시 중앙로 38-1,21.5,5.5
534422,20190711,충청남도 서산시 중앙로 38-1,13.5,5.5
534422,20190712,충청남도 서산시 중앙로 38-1,16.5,10.5
534422,20190713,충청남도 서산시 중앙로 38-1,21.0,14.5
534422,20190714,충청남도 서산시 중앙로 38-1,56.5,48.5
534422,20190715,충청남도 서산시 중앙로 38-1,52.0,40.0
534422,20190716,충청남도 서산시 중앙로 38-1,32.5,22.5
534422,20190717,충청남도 서산시 중앙로 38-1,44.0,34.0
534422,20190718,충청남도 서산시 중앙로 38-1,41.0,33.5
534422,20190719,충청남도 서산시 중앙로 38-1,29.0,13.0
534422,20190720,충청남도 서산시 중앙로 38-1,11.5,1.0
534422,20190721,충청남도 서산시 중앙로 38-1,8.0,3.0
534422,20190722,충청남도 서산시 중앙로 38-1,22.5,21.0
534422,20190723,충청남도 서산시 중앙로 38-1,22.0,14.5
534422,20190725,충청남도 서산시 중앙로 38-1,19.0,16.0
534422,20190726,충청남도 서산시 중앙로 38-1,19.0,9.5
534422,20190727,충청남도 서산시 중앙로 38-1,17.0,13.0
534422,20190728,충청남도 서산시 중앙로 38-1,13.0,3.0
534422,20190729,충청남도 서산시 중앙로 38-1,21.0,9.5
534422,20190730,충청남도 서산시 중앙로 38-1,18.5,9.5
534422,20190731,충청남도 서산시 중앙로 38-1,17.0,7.5
534423,20190701,충청남도 서산시 대산읍 충의로 1942,29.0,19.0
534423,20190702,충청남도 서산시 대산읍 충의로 1942,29.5,17.5
534423,20190703,충청남도 서산시 대산읍 충의로 1942,34.0,22.5
534423,20190704,충청남도 서산시 대산읍 충의로 1942,34.5,25.5
534423,20190705,충청남도 서산시 대산읍 충의로 1942,52.0,30.5
534423,20190706,충청남도 서산시 대산읍 충의로 1942,27.5,17.5
534423,20190707,충청남도 서산시 대산읍 충의로 1942,32.5,19.5
534423,20190708,충청남도 서산시 대산읍 충의로 1942,18.5,10.0
534423,20190710,충청남도 서산시 대산읍 충의로 1942,17.0,6.5
534423,20190711,충청남도 서산시 대산읍 충의로 1942,12.5,2.5
534423,20190712,충청남도 서산시 대산읍 충의로 1942,15.5,8.0
534423,20190713,충청남도 서산시 대산읍 충의로 1942,25.5,16.0
534423,20190714,충청남도 서산시 대산읍 충의로 1942,49.0,38.0
534423,20190715,충청남도 서산시 대산읍 충의로 1942,58.0,42.5
534423,20190716,충청남도 서산시 대산읍 충의로 1942,31.0,20.5
534423,20190717,충청남도 서산시 대산읍 충의로 1942,48.0,28.5
534423,20190718,충청남도 서산시 대산읍 충의로 1942,32.5,24.5
534423,20190719,충청남도 서산시 대산읍 충의로 1942,33.5,29.5
534423,20190720,충청남도 서산시 대산읍 충의로 1942,12.5,8.0
534423,20190721,충청남도 서산시 대산읍 충의로 1942,12.0,4.0
534423,20190722,충청남도 서산시 대산읍 충의로 1942,36.0,25.5
534423,20190723,충청남도 서산시 대산읍 충의로 1942,24.0,12.5
534423,20190724,충청남도 서산시 대산읍 충의로 1942,23.0,13.5
534423,20190725,충청남도 서산시 대산읍 충의로 1942,17.5,11.5
534423,20190726,충청남도 서산시 대산읍 충의로 1942,16.5,7.0
534423,20190727,충청남도 서산시 대산읍 충의로 1942,17.0,8.0
534423,20190728,충청남도 서산시 대산읍 충의로 1942,17.5,6.0
534423,20190729,충청남도 서산시 대산읍 충의로 1942,19.0,8.5
534423,20190730,충청남도 서산시 대산읍 충의로 1942,16.5,9.0
534423,20190731,충청남도 서산시 대산읍 충의로 1942,21.0,4.5
534421,20190801,충남 서산시 대산읍 평신1로(독곶리) 한국수자원공사 대산산업용수센터,19.5,8.5
534421,20190802,충남 서산시 대산읍 평신1로(독곶리) 한국수자원공사 대산산업용수센터,17.0,5.0
534421,20190803,충남 서산시 대산읍 평신1로(독곶리) 한국수자원공사 대산산업용수센터,62.0,29.0
534421,20190804,충남 서산시 대산읍 평신1로(독곶리) 한국수자원공사 대산산업용수센터,35.5,25.0
534421,20190805,충남 서산시 대산읍 평신1로(독곶리) 한국수자원공사 대산산업용수센터,57.0,37.5
534421,20190807,충남 서산시 대산읍 평신1로(독곶리) 한국수자원공사 대산산업용수센터,24.0,19.5
534421,20190808,충남 서산시 대산읍 평신1로(독곶리) 한국수자원공사 대산산업용수센터,38.0,33.0
534421,20190809,충남 서산시 대산읍 평신1로(독곶리) 한국수자원공사 대산산업용수센터,29.5,23.0
534421,20190810,충남 서산시 대산읍 평신1로(독곶리) 한국수자원공사 대산산업용수센터,43.5,29.5
534421,20190811,충남 서산시 대산읍 평신1로(독곶리) 한국수자원공사 대산산업용수센터,27.5,17.0
534421,20190812,충남 서산시 대산읍 평신1로(독곶리) 한국수자원공사 대산산업용수센터,12.0,1.0
534421,20190813,충남 서산시 대산읍 평신1로(독곶리) 한국수자원공사 대산산업용수센터,25.0,13.5
534421,20190814,충남 서산시 대산읍 평신1로(독곶리) 한국수자원공사 대산산업용수센터,32.0,26.5
534421,20190815,충남 서산시 대산읍 평신1로(독곶리) 한국수자원공사 대산산업용수센터,12.0,5.5
534421,20190816,충남 서산시 대산읍 평신1로(독곶리) 한국수자원공사 대산산업용수센터,19.0,11.0
534421,20190817,충남 서산시 대산읍 평신1로(독곶리) 한국수자원공사 대산산업용수센터,19.0,14.0
534421,20190818,충남 서산시 대산읍 평신1로(독곶리) 한국수자원공사 대산산업용수센터,22.0,13.5
534421,20190819,충남 서산시 대산읍 평신1로(독곶리) 한국수자원공사 대산산업용수센터,24.0,21.0
534421,20190820,충남 서산시 대산읍 평신1로(독곶리) 한국수자원공사 대산산업용수센터,40.0,30.0
534421,20190821,충남 서산시 대산읍 평신1로(독곶리) 한국수자원공사 대산산업용수센터,49.0,34.0
534421,20190822,충남 서산시 대산읍 평신1로(독곶리) 한국수자원공사 대산산업용수센터,45.0,37.0
534421,20190823,충남 서산시 대산읍 평신1로(독곶리) 한국수자원공사 대산산업용수센터,43.5,29.5
534421,20190824,충남 서산시 대산읍 평신1로(독곶리) 한국수자원공사 대산산업용수센터,26.5,10.0
534421,20190825,충남 서산시 대산읍 평신1로(독곶리) 한국수자원공사 대산산업용수센터,19.5,13.0
534421,20190826,충남 서산시 대산읍 평신1로(독곶리) 한국수자원공사 대산산업용수센터,27.0,23.0
534421,20190827,충남 서산시 대산읍 평신1로(독곶리) 한국수자원공사 대산산업용수센터,20.5,10.0
534421,20190828,충남 서산시 대산읍 평신1로(독곶리) 한국수자원공사 대산산업용수센터,16.0,10.0
534421,20190831,충남 서산시 대산읍 평신1로(독곶리) 한국수자원공사 대산산업용수센터,17.0,10.5
534422,20190801,충청남도 서산시 중앙로 38-1,18.0,9.0
534422,20190802,충청남도 서산시 중앙로 38-1,15.5,3.5
534422,20190803,충청남도 서산시 중앙로 38-1,34.5,15.5
534422,20190804,충청남도 서산시 중앙로 38-1,43.0,33.5
534422,20190805,충청남도 서산시 중앙로 38-1,70.0,51.5
534422,20190806,충청남도 서산시 중앙로 38-1,23.5,10.0
534422,20190807,충청남도 서산시 중앙로 38-1,27.5,14.5
534422,20190808,충청남도 서산시 중앙로 38-1,38.0,33.0
534422,20190809,충청남도 서산시 중앙로 38-1,20.0,4.0
534422,20190810,충청남도 서산시 중앙로 38-1,33.0,22.5
534422,20190811,충청남도 서산시 중앙로 38-1,30.0,19.0
534422,20190812,충청남도 서산시 중앙로 38-1,10.5,3.5
534422,20190813,충청남도 서산시 중앙로 38-1,28.0,15.0
534422,20190814,충청남도 서산시 중앙로 38-1,27.0,19.5
534422,20190815,충청남도 서산시 중앙로 38-1,15.5,7.0
534422,20190816,충청남도 서산시 중앙로 38-1,16.5,10.0
534422,20190817,충청남도 서산시 중앙로 38-1,23.0,8.5
534422,20190818,충청남도 서산시 중앙로 38-1,27.0,14.5
534422,20190819,충청남도 서산시 중앙로 38-1,32.0,19.0
534422,20190820,충청남도 서산시 중앙로 38-1,43.5,37.0
534422,20190821,충청남도 서산시 중앙로 38-1,50.0,29.5
534422,20190822,충청남도 서산시 중앙로 38-1,42.0,35.5
534422,20190824,충청남도 서산시 중앙로 38-1,31.0,13.0
534422,20190825,충청남도 서산시 중앙로 38-1,24.0,14.0
534422,20190826,충청남도 서산시 중앙로 38-1,31.5,14.0
534422,20190827,충청남도 서산시 중앙로 38-1,17.5,9.0
534422,20190828,충청남도 서산시 중앙로 38-1,21.0,9.0
534422,20190829,충청남도 서산시 중앙로 38-1,27.5,19.0
534422,20190830,충청남도 서산시 중앙로 38-1,20.0,4.0
534422,20190831,충청남도 서산시 중앙로 38-1,23.0,11.0
534423,20190802,충청남도 서산시 대산읍 충의로 1942,13.0,6.0
534423,20190803,충청남도 서산시 대산읍 충의로 1942,32.0,13.5
534423,20190804,충청남도 서산시 대산읍 충의로 1942,39.5,27.5
534423,20190805,충청남도 서산시 대산읍 충의로 1942,46.5,42.0
534423,20190806,충청남도 서산시 대산읍 충의로 1942,28.0,18.0
534423,20190807,충청남도 서산시 대산읍 충의로 1942,24.0,13.5
534423,20190808,충청남도 서산시 대산읍 충의로 1942,42.5,29.0
534423,20190809,충청남도 서산시 대산읍 충의로 1942,26.5,11.5
534423,20190810,충청남도 서산시 대산읍 충의로 1942,37.0,21.5
534423,20190811,충청남도 서산시 대산읍 충의로 1942,30.0,16.5
534423,20190813,충청남도 서산시 대산읍 충의로 1942,26.0,18.0
534423,20190814,충청남도 서산시 대산읍 충의로 1942,32.5,19.0
534423,20190815,충청남도 서산시 대산읍 충의로 1942,15.5,0.0
534423,20190816,충청남도 서산시 대산읍 충의로 1942,22.5,9.0
534423,20190817,충청남도 서산시 대산읍 충의로 1942,20.0,9.0
534423,20190818,충청남도 서산시 대산읍 충의로 1942,23.5,4.5
534423,20190819,충청남도 서산시 대산읍 충의로 1942,28.5,15.5
534423,20190820,충청남도 서산시 대산읍 충의로 1942,39.5,30.0
534423,20190821,충청남도 서산시 대산읍 충의로 1942,45.0,36.0
534423,20190822,충청남도 서산시 대산읍 충의로 1942,44.0,30.0
534423,20190823,충청남도 서산시 대산읍 충의로 1942,38.5,21.5
534423,20190824,충청남도 서산시 대산읍 충의로 1942,24.0,14.0
534423,20190825,충청남도 서산시 대산읍 충의로 1942,23.0,9.0
534423,20190826,충청남도 서산시 대산읍 충의로 1942,25.5,13.0
534423,20190829,충청남도 서산시 대산읍 충의로 1942,27.5,19.5
534423,20190830,충청남도 서산시 대산읍 충의로 1942,22.0,3.0
534423,20190831,충청남도 서산시 대산읍 충의로 1942,19.5,7.5
534421,20190901,충남 서산시 대산읍 평신1로(독곶리) 한국수자원공사 대산산업용수센터,14.0,13.0
534421,20190902,충남 서산시 대산읍 평신1로(독곶리) 한국수자원공사 대산산업용수센터,32.0,24.0
534421,20190906,충남 서산시 대산읍 평신1로(독곶리) 한국수자원공사 대산산업용수센터,9.0,9.0
534421,20190907,충남 서산시 대산읍 평신1로(독곶리) 한국수자원공사 대산산업용수센터,6.5,6.5
534421,20190908,충남 서산시 대산읍 평신1로(독곶리) 한국수자원공사 대산산업용수센터,36.5,29.5
534421,20190909,충남 서산시 대산읍 평신1로(독곶리) 한국수자원공사 대산산업용수센터,30.0,29.0
534421,20190910,충남 서산시 대산읍 평신1로(독곶리) 한국수자원공사 대산산업용수센터,28.5,19.5
534421,20190911,충남 서산시 대산읍 평신1로(독곶리) 한국수자원공사 대산산업용수센터,13.0,4.5
534421,20190912,충남 서산시 대산읍 평신1로(독곶리) 한국수자원공사 대산산업용수센터,18.5,6.0
534421,20190913,충남 서산시 대산읍 평신1로(독곶리) 한국수자원공사 대산산업용수센터,20.0,5.5
534421,20190914,충남 서산시 대산읍 평신1로(독곶리) 한국수자원공사 대산산업용수센터,27.5,20.5
534421,20190915,충남 서산시 대산읍 평신1로(독곶리) 한국수자원공사 대산산업용수센터,25.0,20.5
534421,20190916,충남 서산시 대산읍 평신1로(독곶리) 한국수자원공사 대산산업용수센터,16.5,5.0
534421,20190917,충남 서산시 대산읍 평신1로(독곶리) 한국수자원공사 대산산업용수센터,21.0,12.5
534421,20190918,충남 서산시 대산읍 평신1로(독곶리) 한국수자원공사 대산산업용수센터,31.5,15.5
534421,20190919,충남 서산시 대산읍 평신1로(독곶리) 한국수자원공사 대산산업용수센터,41.0,20.5
534421,20190920,충남 서산시 대산읍 평신1로(독곶리) 한국수자원공사 대산산업용수센터,46.5,23.5
534421,20190921,충남 서산시 대산읍 평신1로(독곶리) 한국수자원공사 대산산업용수센터,21.0,10.0
534421,20190922,충남 서산시 대산읍 평신1로(독곶리) 한국수자원공사 대산산업용수센터,13.0,5.0
534421,20190923,충남 서산시 대산읍 평신1로(독곶리) 한국수자원공사 대산산업용수센터,21.5,12.0
534421,20190925,충남 서산시 대산읍 평신1로(독곶리) 한국수자원공사 대산산업용수센터,24.0,19.0
534421,20190926,충남 서산시 대산읍 평신1로(독곶리) 한국수자원공사 대산산업용수센터,14.5,9.5
534421,20190927,충남 서산시 대산읍 평신1로(독곶리) 한국수자원공사 대산산업용수센터,24.5,12.0
534421,20190928,충남 서산시 대산읍 평신1로(독곶리) 한국수자원공사 대산산업용수센터,42.5,29.5
534421,20190929,충남 서산시 대산읍 평신1로(독곶리) 한국수자원공사 대산산업용수센터,41.5,29.0
534421,20190930,충남 서산시 대산읍 평신1로(독곶리) 한국수자원공사 대산산업용수센터,60.0,48.5
534422,20190901,충청남도 서산시 중앙로 38-1,27.0,10.5
534422,20190902,충청남도 서산시 중앙로 38-1,36.5,22.0
534422,20190903,충청남도 서산시 중앙로 38-1,22.0,15.0
534422,20190904,충청남도 서산시 중앙로 38-1,13.5,6.0
534422,20190905,충청남도 서산시 중앙로 38-1,17.0,9.0
534422,20190906,충청남도 서산시 중앙로 38-1,22.0,12.0
534422,20190907,충청남도 서산시 중앙로 38-1,13.5,1.5
534422,20190908,충청남도 서산시 중앙로 38-1,29.0,12.0
534422,20190909,충청남도 서산시 중앙로 38-1,32.0,22.0
534422,20190910,충청남도 서산시 중앙로 38-1,17.0,5.5
534422,20190911,충청남도 서산시 중앙로 38-1,20.0,9.5
534422,20190912,충청남도 서산시 중앙로 38-1,17.0,3.5
534422,20190913,충청남도 서산시 중앙로 38-1,19.0,6.0
534422,20190914,충청남도 서산시 중앙로 38-1,34.0,9.0
534422,20190915,충청남도 서산시 중앙로 38-1,25.0,25.0
534422,20190916,충청남도 서산시 중앙로 38-1,17.0,9.0
534422,20190917,충청남도 서산시 중앙로 38-1,23.0,8.0
534422,20190918,충청남도 서산시 중앙로 38-1,34.0,15.0
534422,20190920,충청남도 서산시 중앙로 38-1,51.5,18.5
534422,20190921,충청남도 서산시 중앙로 38-1,22.5,7.5
534422,20190922,충청남도 서산시 중앙로 38-1,10.0,4.5
534422,20190923,충청남도 서산시 중앙로 38-1,22.0,6.0
534422,20190924,충청남도 서산시 중앙로 38-1,34.5,13.5
534422,20190925,충청남도 서산시 중앙로 38-1,32.5,7.0
534422,20190926,충청남도 서산시 중앙로 38-1,28.5,12.5
534422,20190927,충청남도 서산시 중앙로 38-1,27.0,10.5
534422,20190928,충청남도 서산시 중앙로 38-1,40.0,30.5
534422,20190929,충청남도 서산시 중앙로 38-1,42.5,26.0
534422,20190930,충청남도 서산시 중앙로 38-1,73.5,54.5
534423,20190901,충청남도 서산시 대산읍 충의로 1942,23.0,10.0
534423,20190902,충청남도 서산시 대산읍 충의로 1942,42.0,25.0
534423,20190903,충청남도 서산시 대산읍 충의로 1942,29.0,20.5
534423,20190904,충청남도 서산시 대산읍 충의로 1942,12.0,8.0
534423,20190905,충청남도 서산시 대산읍 충의로 1942,17.5,7.5
534423,20190906,충청남도 서산시 대산읍 충의로 1942,21.5,11.0
534423,20190907,충청남도 서산시 대산읍 충의로 1942,9.0,4.0
534423,20190908,충청남도 서산시 대산읍 충의로 1942,41.0,21.0
534423,20190909,충청남도 서산시 대산읍 충의로 1942,33.5,26.0
534423,20190910,충청남도 서산시 대산읍 충의로 1942,24.0,11.0
534423,20190911,충청남도 서산시 대산읍 충의로 1942,14.0,8.0
534423,20190912,충청남도 서산시 대산읍 충의로 1942,14.5,7.0
534423,20190913,충청남도 서산시 대산읍 충의로 1942,17.0,8.0
534423,20190914,충청남도 서산시 대산읍 충의로 1942,25.0,18.5
534423,20190915,충청남도 서산시 대산읍 충의로 1942,26.5,21.0
534423,20190916,충청남도 서산시 대산읍 충의로 1942,18.0,7.5
534423,20190917,충청남도 서산시 대산읍 충의로 1942,20.0,9.5
534423,20190918,충청남도 서산시 대산읍 충의로 1942,29.0,13.0
534423,20190919,충청남도 서산시 대산읍 충의로 1942,46.0,17.5
534423,20190920,충청남도 서산시 대산읍 충의로 1942,46.0,25.0
534423,20190921,충청남도 서산시 대산읍 충의로 1942,18.5,9.0
534423,20190922,충청남도 서산시 대산읍 충의로 1942,9.0,7.0
534423,20190923,충청남도 서산시 대산읍 충의로 1942,21.0,9.0
534423,20190924,충청남도 서산시 대산읍 충의로 1942,28.0,13.0
534423,20190925,충청남도 서산시 대산읍 충의로 1942,25.0,16.0
534423,20190926,충청남도 서산시 대산읍 충의로 1942,18.5,12.5
534423,20190927,충청남도 서산시 대산읍 충의로 1942,25.0,15.5
534423,20190928,충청남도 서산시 대산읍 충의로 1942,43.0,28.5
534423,20190929,충청남도 서산시 대산읍 충의로 1942,51.0,29.5
534423,20190930,충청남도 서산시 대산읍 충의로 1942,60.5,40.0
534421,20191001,충남 서산시 대산읍 평신1로(독곶리) 한국수자원공사 대산산업용수센터,88.5,68.5
534421,20191002,충남 서산시 대산읍 평신1로(독곶리) 한국수자원공사 대산산업용수센터,19.5,12.5
534421,20191003,충남 서산시 대산읍 평신1로(독곶리) 한국수자원공사 대산산업용수센터,38.5,19.0
534421,20191004,충남 서산시 대산읍 평신1로(독곶리) 한국수자원공사 대산산업용수센터,42.5,31.5
534421,20191005,충남 서산시 대산읍 평신1로(독곶리) 한국수자원공사 대산산업용수센터,23.5,4.5
534421,20191006,충남 서산시 대산읍 평신1로(독곶리) 한국수자원공사 대산산업용수센터,15.5,7.5
534421,20191007,충남 서산시 대산읍 평신1로(독곶리) 한국수자원공사 대산산업용수센터,9.0,8.0
534421,20191009,충남 서산시 대산읍 평신1로(독곶리) 한국수자원공사 대산산업용수센터,27.5,15.5
534421,20191010,충남 서산시 대산읍 평신1로(독곶리) 한국수자원공사 대산산업용수센터,28.0,17.5
534421,20191012,충남 서산시 대산읍 평신1로(독곶리) 한국수자원공사 대산산업용수센터,34.5,20.0
534421,20191013,충남 서산시 대산읍 평신1로(독곶리) 한국수자원공사 대산산업용수센터,23.0,13.0
534421,20191014,충남 서산시 대산읍 평신1로(독곶리) 한국수자원공사 대산산업용수센터,34.5,23.0
534421,20191016,충남 서산시 대산읍 평신1로(독곶리) 한국수자원공사 대산산업용수센터,28.0,16.5
534421,20191017,충남 서산시 대산읍 평신1로(독곶리) 한국수자원공사 대산산업용수센터,72.0,50.5
534421,20191018,충남 서산시 대산읍 평신1로(독곶리) 한국수자원공사 대산산업용수센터,4.5,1.5
534421,20191019,충남 서산시 대산읍 평신1로(독곶리) 한국수자원공사 대산산업용수센터,13.5,11.5
534421,20191020,충남 서산시 대산읍 평신1로(독곶리) 한국수자원공사 대산산업용수센터,34.0,23.0
534421,20191021,충남 서산시 대산읍 평신1로(독곶리) 한국수자원공사 대산산업용수센터,51.5,39.0
534421,20191023,충남 서산시 대산읍 평신1로(독곶리) 한국수자원공사 대산산업용수센터,23.5,13.5
534421,20191024,충남 서산시 대산읍 평신1로(독곶리) 한국수자원공사 대산산업용수센터,32.5,24.0
534421,20191025,충남 서산시 대산읍 평신1로(독곶리) 한국수자원공사 대산산업용수센터,32.0,20.5
534421,20191026,충남 서산시 대산읍 평신1로(독곶리) 한국수자원공사 대산산업용수센터,18.5,11.0
534421,20191027,충남 서산시 대산읍 평신1로(독곶리) 한국수자원공사 대산산업용수센터,25.0,16.0
534421,20191029,충남 서산시 대산읍 평신1로(독곶리) 한국수자원공사 대산산업용수센터,112.5,22.0
534421,20191030,충남 서산시 대산읍 평신1로(독곶리) 한국수자원공사 대산산업용수센터,22.5,15.0
534421,20191031,충남 서산시 대산읍 평신1로(독곶리) 한국수자원공사 대산산업용수센터,29.0,15.5
534422,20191001,충청남도 서산시 중앙로 38-1,51.0,48.0
534422,20191002,충청남도 서산시 중앙로 38-1,17.5,5.5
534422,20191003,충청남도 서산시 중앙로 38-1,31.0,12.0
534422,20191004,충청남도 서산시 중앙로 38-1,42.5,25.0
534422,20191005,충청남도 서산시 중앙로 38-1,25.5,8.5
534422,20191006,충청남도 서산시 중앙로 38-1,15.5,7.0
534422,20191007,충청남도 서산시 중앙로 38-1,11.5,5.5
534422,20191008,충청남도 서산시 중앙로 38-1,38.5,15.0
534422,20191009,충청남도 서산시 중앙로 38-1,32.5,10.0
534422,20191010,충청남도 서산시 중앙로 38-1,36.5,12.5
534422,20191011,충청남도 서산시 중앙로 38-1,49.0,47.0
534422,20191012,충청남도 서산시 중앙로 38-1,38.0,15.0
534422,20191013,충청남도 서산시 중앙로 38-1,30.0,10.5
534422,20191014,충청남도 서산시 중앙로 38-1,47.0,27.0
534422,20191015,충청남도 서산시 중앙로 38-1,64.5,20.0
534422,20191016,충청남도 서산시 중앙로 38-1,51.0,45.0
534422,20191017,충청남도 서산시 중앙로 38-1,52.0,41.5
534422,20191018,충청남도 서산시 중앙로 38-1,23.0,1.0
534422,20191019,충청남도 서산시 중앙로 38-1,29.0,4.5
534422,20191020,충청남도 서산시 중앙로 38-1,49.5,30.5
534422,20191021,충청남도 서산시 중앙로 38-1,43.0,33.0
534422,20191022,충청남도 서산시 중앙로 38-1,25.5,0.5
534422,20191023,충청남도 서산시 중앙로 38-1,30.0,21.0
534422,20191024,충청남도 서산시 중앙로 38-1,39.5,22.5
534422,20191025,충청남도 서산시 중앙로 38-1,34.0,10.0
534422,20191026,충청남도 서산시 중앙로 38-1,24.0,11.0
534422,20191027,충청남도 서산시 중앙로 38-1,32.0,15.0
534422,20191028,충청남도 서산시 중앙로 38-1,47.5,17.5
534422,20191029,충청남도 서산시 중앙로 38-1,159.0,25.0
534422,20191030,충청남도 서산시 중앙로 38-1,37.5,11.5
534422,20191031,충청남도 서산시 중앙로 38-1,45.0,17.5
534423,20191001,충청남도 서산시 대산읍 충의로 1942,81.0,61.0
534423,20191002,충청남도 서산시 대산읍 충의로 1942,23.0,14.5
534423,20191003,충청남도 서산시 대산읍 충의로 1942,35.5,12.5
534423,20191004,충청남도 서산시 대산읍 충의로 1942,39.0,27.5
534423,20191005,충청남도 서산시 대산읍 충의로 1942,30.0,6.0
534423,20191006,충청남도 서산시 대산읍 충의로 1942,15.5,7.0
534423,20191007,충청남도 서산시 대산읍 충의로 1942,15.0,6.5
534423,20191009,충청남도 서산시 대산읍 충의로 1942,28.0,13.5
534423,20191010,충청남도 서산시 대산읍 충의로 1942,39.5,21.5
534423,20191011,충청남도 서산시 대산읍 충의로 1942,43.5,23.0
534423,20191012,충청남도 서산시 대산읍 충의로 1942,35.0,18.0
534423,20191013,충청남도 서산시 대산읍 충의로 1942,25.5,13.5
534423,20191014,충청남도 서산시 대산읍 충의로 1942,50.5,25.5
534423,20191016,충청남도 서산시 대산읍 충의로 1942,36.0,22.0
534423,20191017,충청남도 서산시 대산읍 충의로 1942,68.5,41.0
534423,20191018,충청남도 서산시 대산읍 충의로 1942,28.0,14.5
534423,20191019,충청남도 서산시 대산읍 충의로 1942,32.5,17.0
534423,20191020,충청남도 서산시 대산읍 충의로 1942,32.5,23.5
534423,20191021,충청남도 서산시 대산읍 충의로 1942,41.0,27.0
534423,20191022,충청남도 서산시 대산읍 충의로 1942,17.5,9.5
534423,20191023,충청남도 서산시 대산읍 충의로 1942,20.5,10.0
534423,20191024,충청남도 서산시 대산읍 충의로 1942,36.0,22.0
534423,20191025,충청남도 서산시 대산읍 충의로 1942,30.0,18.0
534423,20191026,충청남도 서산시 대산읍 충의로 1942,23.5,12.0
534423,20191027,충청남도 서산시 대산읍 충의로 1942,28.5,22.0
534423,20191029,충청남도 서산시 대산읍 충의로 1942,101.0,18.5
534423,20191030,충청남도 서산시 대산읍 충의로 1942,23.5,14.5
534423,20191031,충청남도 서산시 대산읍 충의로 1942,23.5,14.0
534421,20191101,충남 서산시 대산읍 평신1로(독곶리) 한국수자원공사 대산산업용수센터,73.5,26.0
534421,20191102,충남 서산시 대산읍 평신1로(독곶리) 한국수자원공사 대산산업용수센터,53.5,28.0
534421,20191103,충남 서산시 대산읍 평신1로(독곶리) 한국수자원공사 대산산업용수센터,52.0,27.0
534421,20191104,충남 서산시 대산읍 평신1로(독곶리) 한국수자원공사 대산산업용수센터,13.0,10.0
534421,20191105,충남 서산시 대산읍 평신1로(독곶리) 한국수자원공사 대산산업용수센터,31.5,20.0
534421,20191106,충남 서산시 대산읍 평신1로(독곶리) 한국수자원공사 대산산업용수센터,39.5,20.0
534421,20191107,충남 서산시 대산읍 평신1로(독곶리) 한국수자원공사 대산산업용수센터,63.0,36.0
534421,20191108,충남 서산시 대산읍 평신1로(독곶리) 한국수자원공사 대산산업용수센터,26.0,16.0
534421,20191109,충남 서산시 대산읍 평신1로(독곶리) 한국수자원공사 대산산업용수센터,54.0,34.0
534421,20191110,충남 서산시 대산읍 평신1로(독곶리) 한국수자원공사 대산산업용수센터,34.0,20.5
534421,20191111,충남 서산시 대산읍 평신1로(독곶리) 한국수자원공사 대산산업용수센터,22.0,10.5
534421,20191112,충남 서산시 대산읍 평신1로(독곶리) 한국수자원공사 대산산업용수센터,27.5,17.5
534421,20191113,충남 서산시 대산읍 평신1로(독곶리) 한국수자원공사 대산산업용수센터,48.5,30.0
534421,20191114,충남 서산시 대산읍 평신1로(독곶리) 한국수자원공사 대산산업용수센터,31.0,9.0
534421,20191115,충남 서산시 대산읍 평신1로(독곶리) 한국수자원공사 대산산업용수센터,33.0,11.5
534421,20191116,충남 서산시 대산읍 평신1로(독곶리) 한국수자원공사 대산산업용수센터,62.0,26.5
534421,20191117,충남 서산시 대산읍 평신1로(독곶리) 한국수자원공사 대산산업용수센터,68.0,49.0
534421,20191118,충남 서산시 대산읍 평신1로(독곶리) 한국수자원공사 대산산업용수센터,136.5,16.5
534421,20191119,충남 서산시 대산읍 평신1로(독곶리) 한국수자원공사 대산산업용수센터,41.5,8.0
534421,20191120,충남 서산시 대산읍 평신1로(독곶리) 한국수자원공사 대산산업용수센터,31.5,8.0
534421,20191121,충남 서산시 대산읍 평신1로(독곶리) 한국수자원공사 대산산업용수센터,54.0,31.0
534421,20191122,충남 서산시 대산읍 평신1로(독곶리) 한국수자원공사 대산산업용수센터,52.0,32.0
534421,20191123,충남 서산시 대산읍 평신1로(독곶리) 한국수자원공사 대산산업용수센터,33.0,23.0
534421,20191124,충남 서산시 대산읍 평신1로(독곶리) 한국수자원공사 대산산업용수센터,36.5,22.5
534421,20191125,충남 서산시 대산읍 평신1로(독곶리) 한국수자원공사 대산산업용수센터,15.0,11.0
534421,20191126,충남 서산시 대산읍 평신1로(독곶리) 한국수자원공사 대산산업용수센터,32.5,19.5
534421,20191127,충남 서산시 대산읍 평신1로(독곶리) 한국수자원공사 대산산업용수센터,49.0,23.0
534421,20191128,충남 서산시 대산읍 평신1로(독곶리) 한국수자원공사 대산산업용수센터,43.0,20.0
534421,20191129,충남 서산시 대산읍 평신1로(독곶리) 한국수자원공사 대산산업용수센터,17.5,7.5
534421,20191130,충남 서산시 대산읍 평신1로(독곶리) 한국수자원공사 대산산업용수센터,47.5,32.5
534422,20191101,충청남도 서산시 중앙로 38-1,62.0,30.0
534422,20191102,충청남도 서산시 중앙로 38-1,93.0,60.0
534422,20191103,충청남도 서산시 중앙로 38-1,60.0,34.0
534422,20191104,충청남도 서산시 중앙로 38-1,20.0,12.0
534422,20191105,충청남도 서산시 중앙로 38-1,66.5,31.5
534422,20191106,충청남도 서산시 중앙로 38-1,53.5,25.0
534422,20191108,충청남도 서산시 중앙로 38-1,56.0,20.5
534422,20191109,충청남도 서산시 중앙로 38-1,66.5,33.5
534422,20191110,충청남도 서산시 중앙로 38-1,57.0,36.5
534422,20191111,충청남도 서산시 중앙로 38-1,24.0,10.5
534422,20191112,충청남도 서산시 중앙로 38-1,44.0,19.0
534422,20191113,충청남도 서산시 중앙로 38-1,45.5,29.5
534422,20191114,충청남도 서산시 중앙로 38-1,36.0,5.0
534422,20191115,충청남도 서산시 중앙로 38-1,38.5,7.5
534422,20191116,충청남도 서산시 중앙로 38-1,37.5,28.0
534422,20191117,충청남도 서산시 중앙로 38-1,47.0,33.0
534422,20191119,충청남도 서산시 중앙로 38-1,34.0,7.5
534422,20191120,충청남도 서산시 중앙로 38-1,40.5,19.0
534422,20191121,충청남도 서산시 중앙로 38-1,42.0,18.5
534422,20191122,충청남도 서산시 중앙로 38-1,45.0,17.0
534422,20191123,충청남도 서산시 중앙로 38-1,31.5,10.5
534422,20191124,충청남도 서산시 중앙로 38-1,69.0,43.5
534422,20191125,충청남도 서산시 중앙로 38-1,27.0,9.5
534422,20191126,충청남도 서산시 중앙로 38-1,57.5,28.0
534422,20191127,충청남도 서산시 중앙로 38-1,38.0,19.0
534422,20191129,충청남도 서산시 중앙로 38-1,30.0,0.0
534422,20191130,충청남도 서산시 중앙로 38-1,67.0,50.5
534423,20191101,충청남도 서산시 대산읍 충의로 1942,67.5,22.5
534423,20191102,충청남도 서산시 대산읍 충의로 1942,63.5,38.5
534423,20191103,충청남도 서산시 대산읍 충의로 1942,41.5,24.5
534423,20191104,충청남도 서산시 대산읍 충의로 1942,13.0,8.0
534423,20191105,충청남도 서산시 대산읍 충의로 1942,35.5,19.5
534423,20191106,충청남도 서산시 대산읍 충의로 1942,36.5,23.0
534423,20191107,충청남도 서산시 대산읍 충의로 1942,70.0,38.0
534423,20191108,충청남도 서산시 대산읍 충의로 1942,26.5,13.5
534423,20191109,충청남도 서산시 대산읍 충의로 1942,53.5,32.0
534423,20191110,충청남도 서산시 대산읍 충의로 1942,30.5,19.5
534423,20191111,충청남도 서산시 대산읍 충의로 1942,20.5,12.0
534423,20191112,충청남도 서산시 대산읍 충의로 1942,26.5,16.0
534423,20191114,충청남도 서산시 대산읍 충의로 1942,28.0,7.0
534423,20191115,충청남도 서산시 대산읍 충의로 1942,29.5,13.0
534423,20191116,충청남도 서산시 대산읍 충의로 1942,68.5,44.5
534423,20191117,충청남도 서산시 대산읍 충의로 1942,60.5,31.0
534423,20191118,충청남도 서산시 대산읍 충의로 1942,127.0,22.0
534423,20191119,충청남도 서산시 대산읍 충의로 1942,29.5,13.0
534423,20191120,충청남도 서산시 대산읍 충의로 1942,20.5,11.0
534423,20191121,충청남도 서산시 대산읍 충의로 1942,39.0,24.0
534423,20191122,충청남도 서산시 대산읍 충의로 1942,48.5,29.0
534423,20191123,충청남도 서산시 대산읍 충의로 1942,33.5,20.0
534423,20191124,충청남도 서산시 대산읍 충의로 1942,38.5,29.0
534423,20191125,충청남도 서산시 대산읍 충의로 1942,26.5,14.5
534423,20191127,충청남도 서산시 대산읍 충의로 1942,45.0,23.0
534423,20191128,충청남도 서산시 대산읍 충의로 1942,40.0,19.5
534423,20191129,충청남도 서산시 대산읍 충의로 1942,21.0,11.5
534423,20191130,충청남도 서산시 대산읍 충의로 1942,45.0,33.0
534421,20191201,충남 서산시 대산읍 평신1로(독곶리) 한국수자원공사 대산산업용수센터,40.0,29.5
534421,20191202,충남 서산시 대산읍 평신1로(독곶리) 한국수자원공사 대산산업용수센터,18.5,7.5
534421,20191203,충남 서산시 대산읍 평신1로(독곶리) 한국수자원공사 대산산업용수센터,17.5,12.5
534421,20191204,충남 서산시 대산읍 평신1로(독곶리) 한국수자원공사 대산산업용수센터,21.5,12.5
534421,20191205,충남 서산시 대산읍 평신1로(독곶리) 한국수자원공사 대산산업용수센터,12.5,5.0
534421,20191206,충남 서산시 대산읍 평신1로(독곶리) 한국수자원공사 대산산업용수센터,49.0,15.5
534421,20191207,충남 서산시 대산읍 평신1로(독곶리) 한국수자원공사 대산산업용수센터,37.0,22.0
534421,20191208,충남 서산시 대산읍 평신1로(독곶리) 한국수자원공사 대산산업용수센터,63.5,52.0
534421,20191209,충남 서산시 대산읍 평신1로(독곶리) 한국수자원공사 대산산업용수센터,48.0,40.5
534421,20191210,충남 서산시 대산읍 평신1로(독곶리) 한국수자원공사 대산산업용수센터,177.0,136.5
534421,20191211,충남 서산시 대산읍 평신1로(독곶리) 한국수자원공사 대산산업용수센터,178.0,113.5
534421,20191212,충남 서산시 대산읍 평신1로(독곶리) 한국수자원공사 대산산업용수센터,13.5,10.0
534421,20191213,충남 서산시 대산읍 평신1로(독곶리) 한국수자원공사 대산산업용수센터,21.5,13.5
534421,20191214,충남 서산시 대산읍 평신1로(독곶리) 한국수자원공사 대산산업용수센터,11.5,7.5
534421,20191215,충남 서산시 대산읍 평신1로(독곶리) 한국수자원공사 대산산업용수센터,47.5,36.0
534421,20191216,충남 서산시 대산읍 평신1로(독곶리) 한국수자원공사 대산산업용수센터,44.5,28.5
534421,20191217,충남 서산시 대산읍 평신1로(독곶리) 한국수자원공사 대산산업용수센터,13.5,7.5
534421,20191219,충남 서산시 대산읍 평신1로(독곶리) 한국수자원공사 대산산업용수센터,16.0,5.0
534421,20191220,충남 서산시 대산읍 평신1로(독곶리) 한국수자원공사 대산산업용수센터,28.0,22.5
534421,20191221,충남 서산시 대산읍 평신1로(독곶리) 한국수자원공사 대산산업용수센터,17.5,12.0
534421,20191222,충남 서산시 대산읍 평신1로(독곶리) 한국수자원공사 대산산업용수센터,35.5,31.0
534421,20191223,충남 서산시 대산읍 평신1로(독곶리) 한국수자원공사 대산산업용수센터,22.0,22.0
534421,20191227,충남 서산시 대산읍 평신1로(독곶리) 한국수자원공사 대산산업용수센터,16.0,14.0
534421,20191228,충남 서산시 대산읍 평신1로(독곶리) 한국수자원공사 대산산업용수센터,22.5,15.5
534421,20191229,충남 서산시 대산읍 평신1로(독곶리) 한국수자원공사 대산산업용수센터,47.0,27.5
534421,20191230,충남 서산시 대산읍 평신1로(독곶리) 한국수자원공사 대산산업용수센터,49.0,34.0
534421,20191231,충남 서산시 대산읍 평신1로(독곶리) 한국수자원공사 대산산업용수센터,11.5,11.0
534422,20191201,충청남도 서산시 중앙로 38-1,39.0,39.0
534422,20191202,충청남도 서산시 중앙로 38-1,17.5,7.5
534422,20191204,충청남도 서산시 중앙로 38-1,38.0,27.0
534422,20191205,충청남도 서산시 중앙로 38-1,20.0,4.0
534422,20191206,충청남도 서산시 중앙로 38-1,47.5,18.5
534422,20191207,충청남도 서산시 중앙로 38-1,36.0,19.0
534422,20191208,충청남도 서산시 중앙로 38-1,63.0,41.5
534422,20191209,충청남도 서산시 중앙로 38-1,41.5,30.0
534422,20191211,충청남도 서산시 중앙로 38-1,129.0,123.0
534422,20191212,충청남도 서산시 중앙로 38-1,21.0,6.5
534422,20191213,충청남도 서산시 중앙로 38-1,42.0,14.5
534422,20191214,충청남도 서산시 중앙로 38-1,23.0,5.5
534422,20191215,충청남도 서산시 중앙로 38-1,35.5,25.0
534422,20191216,충청남도 서산시 중앙로 38-1,80.5,52.5
534422,20191217,충청남도 서산시 중앙로 38-1,11.0,7.0
534422,20191218,충청남도 서산시 중앙로 38-1,25.0,12.5
534422,20191219,충청남도 서산시 중앙로 38-1,24.5,8.5
534422,20191220,충청남도 서산시 중앙로 38-1,32.0,28.0
534422,20191221,충청남도 서산시 중앙로 38-1,29.0,12.5
534422,20191222,충청남도 서산시 중앙로 38-1,51.0,36.5
534422,20191223,충청남도 서산시 중앙로 38-1,35.0,23.5
534422,20191226,충청남도 서산시 중앙로 38-1,52.0,50.5
534422,20191228,충청남도 서산시 중앙로 38-1,61.5,25.0
534422,20191229,충청남도 서산시 중앙로 38-1,51.0,20.0
534422,20191230,충청남도 서산시 중앙로 38-1,33.0,33.0
534422,20191231,충청남도 서산시 중앙로 38-1,21.5,5.0
534423,20191201,충청남도 서산시 대산읍 충의로 1942,37.5,28.0
534423,20191202,충청남도 서산시 대산읍 충의로 1942,23.5,8.0
534423,20191203,충청남도 서산시 대산읍 충의로 1942,28.0,19.5
534423,20191204,충청남도 서산시 대산읍 충의로 1942,22.0,14.0
534423,20191206,충청남도 서산시 대산읍 충의로 1942,30.0,16.5
534423,20191207,충청남도 서산시 대산읍 충의로 1942,37.5,25.0
534423,20191208,충청남도 서산시 대산읍 충의로 1942,68.0,44.0
534423,20191209,충청남도 서산시 대산읍 충의로 1942,45.5,29.0
534423,20191210,충청남도 서산시 대산읍 충의로 1942,141.0,78.5
534423,20191211,충청남도 서산시 대산읍 충의로 1942,159.0,83.5
534423,20191212,충청남도 서산시 대산읍 충의로 1942,18.5,10.0
534423,20191213,충청남도 서산시 대산읍 충의로 1942,22.0,10.0
534423,20191214,충청남도 서산시 대산읍 충의로 1942,19.5,12.0
534423,20191215,충청남도 서산시 대산읍 충의로 1942,54.5,34.5
534423,20191216,충청남도 서산시 대산읍 충의로 1942,67.0,37.0
534423,20191217,충청남도 서산시 대산읍 충의로 1942,12.5,7.5
534423,20191219,충청남도 서산시 대산읍 충의로 1942,15.0,7.0
534423,20191220,충청남도 서산시 대산읍 충의로 1942,32.5,23.0
534423,20191221,충청남도 서산시 대산읍 충의로 1942,25.5,17.5
534423,20191222,충청남도 서산시 대산읍 충의로 1942,49.0,30.5
534423,20191223,충청남도 서산시 대산읍 충의로 1942,44.0,40.0
534423,20191224,충청남도 서산시 대산읍 충의로 1942,62.5,42.5
534423,20191225,충청남도 서산시 대산읍 충의로 1942,91.0,57.5
534423,20191226,충청남도 서산시 대산읍 충의로 1942,67.0,43.0
534423,20191227,충청남도 서산시 대산읍 충의로 1942,31.0,16.5
534423,20191228,충청남도 서산시 대산읍 충의로 1942,33.0,17.0
534423,20191229,충청남도 서산시 대산읍 충의로 1942,41.0,19.5
534423,20191230,충청남도 서산시 대산읍 충의로 1942,38.5,24.5
534423,20191231,충청남도 서산시 대산읍 충의로 1942,22.5,14.5
534424,20191223,충남 서산시 성연면 마루들길 15,33.0,25.0
534424,20191224,충남 서산시 성연면 마루들길 15,89.5,58.5
534424,20191225,충남 서산시 성연면 마루들길 15,102.0,72.5
534424,20191226,충남 서산시 성연면 마루들길 15,54.5,44.5
534424,20191227,충남 서산시 성연면 마루들길 15,41.0,21.0
534424,20191228,충남 서산시 성연면 마루들길 15,29.5,16.5
534424,20191229,충남 서산시 성연면 마루들길 15,58.0,37.5
534424,20191230,충남 서산시 성연면 마루들길 15,41.5,27.0
534424,20191231,충남 서산시 성연면 마루들길 15,18.0,10.5
