﻿지점명,측정소코드,측정일시_날짜,주소,PM10,PM25,측정일시_년도
목포,336111,20201001,전남 목포시 동부로 31번길 20(용당1동 주민센터 옥상),26.0,11.5,2020
목포,336111,20201002,전남 목포시 동부로 31번길 20(용당1동 주민센터 옥상),20.5,12.5,2020
목포,336111,20201003,전남 목포시 동부로 31번길 20(용당1동 주민센터 옥상),21.5,16.0,2020
목포,336111,20201004,전남 목포시 동부로 31번길 20(용당1동 주민센터 옥상),17.0,12.0,2020
목포,336111,20201005,전남 목포시 동부로 31번길 20(용당1동 주민센터 옥상),20.5,7.0,2020
목포,336111,20201006,전남 목포시 동부로 31번길 20(용당1동 주민센터 옥상),16.5,6.0,2020
목포,336111,20201007,전남 목포시 동부로 31번길 20(용당1동 주민센터 옥상),27.5,12.5,2020
목포,336111,20201008,전남 목포시 동부로 31번길 20(용당1동 주민센터 옥상),17.0,6.0,2020
목포,336111,20201009,전남 목포시 동부로 31번길 20(용당1동 주민센터 옥상),24.5,7.0,2020
목포,336111,20201010,전남 목포시 동부로 31번길 20(용당1동 주민센터 옥상),28.0,11.5,2020
목포,336111,20201011,전남 목포시 동부로 31번길 20(용당1동 주민센터 옥상),31.0,14.5,2020
목포,336111,20201012,전남 목포시 동부로 31번길 20(용당1동 주민센터 옥상),22.5,10.0,2020
목포,336111,20201013,전남 목포시 동부로 31번길 20(용당1동 주민센터 옥상),28.0,5.5,2020
목포,336111,20201014,전남 목포시 동부로 31번길 20(용당1동 주민센터 옥상),,9.5,2020
목포,336111,20201015,전남 목포시 동부로 31번길 20(용당1동 주민센터 옥상),,6.0,2020
목포,336111,20201016,전남 목포시 동부로 31번길 20(용당1동 주민센터 옥상),,,2020
목포,336111,20201017,전남 목포시 동부로 31번길 20(용당1동 주민센터 옥상),54.0,,2020
목포,336111,20201018,전남 목포시 동부로 31번길 20(용당1동 주민센터 옥상),37.5,,2020
목포,336111,20201019,전남 목포시 동부로 31번길 20(용당1동 주민센터 옥상),43.0,,2020
목포,336111,20201020,전남 목포시 동부로 31번길 20(용당1동 주민센터 옥상),41.0,,2020
목포,336111,20201021,전남 목포시 동부로 31번길 20(용당1동 주민센터 옥상),41.5,20.0,2020
목포,336111,20201022,전남 목포시 동부로 31번길 20(용당1동 주민센터 옥상),18.0,9.5,2020
목포,336111,20201023,전남 목포시 동부로 31번길 20(용당1동 주민센터 옥상),33.0,5.5,2020
목포,336111,20201024,전남 목포시 동부로 31번길 20(용당1동 주민센터 옥상),30.0,8.5,2020
목포,336111,20201025,전남 목포시 동부로 31번길 20(용당1동 주민센터 옥상),42.5,9.5,2020
목포,336111,20201026,전남 목포시 동부로 31번길 20(용당1동 주민센터 옥상),36.0,10.5,2020
목포,336111,20201027,전남 목포시 동부로 31번길 20(용당1동 주민센터 옥상),48.0,20.5,2020
목포,336111,20201028,전남 목포시 동부로 31번길 20(용당1동 주민센터 옥상),50.5,17.0,2020
목포,336111,20201029,전남 목포시 동부로 31번길 20(용당1동 주민센터 옥상),27.0,7.5,2020
목포,336111,20201030,전남 목포시 동부로 31번길 20(용당1동 주민센터 옥상),,,2020
목포,336111,20201031,전남 목포시 동부로 31번길 20(용당1동 주민센터 옥상),31.0,15.5,2020
목포,336112,20201001,전남 목포시 삼향천로 28(옥암동),16.0,8.5,2020
목포,336112,20201002,전남 목포시 삼향천로 28(옥암동),20.0,8.5,2020
목포,336112,20201003,전남 목포시 삼향천로 28(옥암동),23.0,8.0,2020
목포,336112,20201004,전남 목포시 삼향천로 28(옥암동),14.0,7.0,2020
목포,336112,20201005,전남 목포시 삼향천로 28(옥암동),13.5,4.0,2020
목포,336112,20201006,전남 목포시 삼향천로 28(옥암동),15.5,4.5,2020
목포,336112,20201007,전남 목포시 삼향천로 28(옥암동),16.0,9.0,2020
목포,336112,20201008,전남 목포시 삼향천로 28(옥암동),19.0,5.0,2020
목포,336112,20201009,전남 목포시 삼향천로 28(옥암동),27.0,8.5,2020
목포,336112,20201010,전남 목포시 삼향천로 28(옥암동),29.0,10.0,2020
목포,336112,20201011,전남 목포시 삼향천로 28(옥암동),32.5,12.5,2020
목포,336112,20201012,전남 목포시 삼향천로 28(옥암동),24.0,6.0,2020
목포,336112,20201013,전남 목포시 삼향천로 28(옥암동),11.5,4.5,2020
목포,336112,20201014,전남 목포시 삼향천로 28(옥암동),30.0,,2020
목포,336112,20201015,전남 목포시 삼향천로 28(옥암동),21.0,,2020
목포,336112,20201016,전남 목포시 삼향천로 28(옥암동),,,2020
목포,336112,20201017,전남 목포시 삼향천로 28(옥암동),,,2020
목포,336112,20201018,전남 목포시 삼향천로 28(옥암동),,,2020
목포,336112,20201019,전남 목포시 삼향천로 28(옥암동),,,2020
목포,336112,20201020,전남 목포시 삼향천로 28(옥암동),,,2020
목포,336112,20201021,전남 목포시 삼향천로 28(옥암동),34.0,17.0,2020
목포,336112,20201022,전남 목포시 삼향천로 28(옥암동),13.0,6.0,2020
목포,336112,20201023,전남 목포시 삼향천로 28(옥암동),22.5,4.5,2020
목포,336112,20201024,전남 목포시 삼향천로 28(옥암동),22.5,4.5,2020
목포,336112,20201025,전남 목포시 삼향천로 28(옥암동),30.5,10.5,2020
목포,336112,20201026,전남 목포시 삼향천로 28(옥암동),32.5,14.5,2020
목포,336112,20201027,전남 목포시 삼향천로 28(옥암동),45.0,22.5,2020
목포,336112,20201028,전남 목포시 삼향천로 28(옥암동),37.0,20.0,2020
목포,336112,20201029,전남 목포시 삼향천로 28(옥암동),18.5,3.0,2020
목포,336112,20201030,전남 목포시 삼향천로 28(옥암동),48.0,11.0,2020
목포,336112,20201031,전남 목포시 삼향천로 28(옥암동),25.0,10.0,2020
목포,336111,20201101,전남 목포시 동부로 31번길 20(용당1동 주민센터 옥상),32.0,12.5,2020
목포,336111,20201102,전남 목포시 동부로 31번길 20(용당1동 주민센터 옥상),74.5,15.0,2020
목포,336111,20201103,전남 목포시 동부로 31번길 20(용당1동 주민센터 옥상),23.5,5.0,2020
목포,336111,20201104,전남 목포시 동부로 31번길 20(용당1동 주민센터 옥상),29.5,6.0,2020
목포,336111,20201105,전남 목포시 동부로 31번길 20(용당1동 주민센터 옥상),30.5,10.5,2020
목포,336111,20201106,전남 목포시 동부로 31번길 20(용당1동 주민센터 옥상),37.5,14.5,2020
목포,336111,20201107,전남 목포시 동부로 31번길 20(용당1동 주민센터 옥상),61.0,27.5,2020
목포,336111,20201108,전남 목포시 동부로 31번길 20(용당1동 주민센터 옥상),78.5,16.0,2020
목포,336111,20201109,전남 목포시 동부로 31번길 20(용당1동 주민센터 옥상),29.5,5.0,2020
목포,336111,20201110,전남 목포시 동부로 31번길 20(용당1동 주민센터 옥상),39.5,9.5,2020
목포,336111,20201111,전남 목포시 동부로 31번길 20(용당1동 주민센터 옥상),29.5,9.0,2020
목포,336111,20201112,전남 목포시 동부로 31번길 20(용당1동 주민센터 옥상),34.0,13.5,2020
목포,336111,20201113,전남 목포시 동부로 31번길 20(용당1동 주민센터 옥상),43.5,19.0,2020
목포,336111,20201114,전남 목포시 동부로 31번길 20(용당1동 주민센터 옥상),44.5,22.5,2020
목포,336111,20201115,전남 목포시 동부로 31번길 20(용당1동 주민센터 옥상),41.0,20.0,2020
목포,336111,20201116,전남 목포시 동부로 31번길 20(용당1동 주민센터 옥상),47.5,19.5,2020
목포,336111,20201117,전남 목포시 동부로 31번길 20(용당1동 주민센터 옥상),62.5,27.5,2020
목포,336111,20201118,전남 목포시 동부로 31번길 20(용당1동 주민센터 옥상),26.5,10.0,2020
목포,336111,20201119,전남 목포시 동부로 31번길 20(용당1동 주민센터 옥상),23.0,3.5,2020
목포,336111,20201120,전남 목포시 동부로 31번길 20(용당1동 주민센터 옥상),23.0,8.0,2020
목포,336111,20201121,전남 목포시 동부로 31번길 20(용당1동 주민센터 옥상),25.5,8.5,2020
목포,336111,20201122,전남 목포시 동부로 31번길 20(용당1동 주민센터 옥상),3.5,3.0,2020
목포,336111,20201123,전남 목포시 동부로 31번길 20(용당1동 주민센터 옥상),26.0,8.5,2020
목포,336111,20201124,전남 목포시 동부로 31번길 20(용당1동 주민센터 옥상),10.0,3.0,2020
목포,336111,20201125,전남 목포시 동부로 31번길 20(용당1동 주민센터 옥상),9.0,4.0,2020
목포,336111,20201126,전남 목포시 동부로 31번길 20(용당1동 주민센터 옥상),46.0,16.0,2020
목포,336111,20201127,전남 목포시 동부로 31번길 20(용당1동 주민센터 옥상),22.5,5.5,2020
목포,336111,20201128,전남 목포시 동부로 31번길 20(용당1동 주민센터 옥상),20.5,5.0,2020
목포,336111,20201129,전남 목포시 동부로 31번길 20(용당1동 주민센터 옥상),20.5,8.5,2020
목포,336111,20201130,전남 목포시 동부로 31번길 20(용당1동 주민센터 옥상),15.5,5.5,2020
목포,336112,20201101,전남 목포시 삼향천로 28(옥암동),23.0,12.0,2020
목포,336112,20201102,전남 목포시 삼향천로 28(옥암동),59.5,14.5,2020
목포,336112,20201103,전남 목포시 삼향천로 28(옥암동),24.0,2.5,2020
목포,336112,20201104,전남 목포시 삼향천로 28(옥암동),18.5,3.5,2020
목포,336112,20201105,전남 목포시 삼향천로 28(옥암동),19.0,5.0,2020
목포,336112,20201106,전남 목포시 삼향천로 28(옥암동),33.5,16.0,2020
목포,336112,20201107,전남 목포시 삼향천로 28(옥암동),50.0,28.0,2020
목포,336112,20201108,전남 목포시 삼향천로 28(옥암동),69.0,10.5,2020
목포,336112,20201109,전남 목포시 삼향천로 28(옥암동),16.0,3.5,2020
목포,336112,20201110,전남 목포시 삼향천로 28(옥암동),19.0,7.0,2020
목포,336112,20201111,전남 목포시 삼향천로 28(옥암동),17.0,5.5,2020
목포,336112,20201112,전남 목포시 삼향천로 28(옥암동),23.5,8.0,2020
목포,336112,20201113,전남 목포시 삼향천로 28(옥암동),44.5,21.0,2020
목포,336112,20201114,전남 목포시 삼향천로 28(옥암동),43.0,16.5,2020
목포,336112,20201115,전남 목포시 삼향천로 28(옥암동),32.0,12.0,2020
목포,336112,20201116,전남 목포시 삼향천로 28(옥암동),43.0,16.0,2020
목포,336112,20201117,전남 목포시 삼향천로 28(옥암동),46.0,23.0,2020
목포,336112,20201118,전남 목포시 삼향천로 28(옥암동),21.5,5.5,2020
목포,336112,20201119,전남 목포시 삼향천로 28(옥암동),19.5,3.0,2020
목포,336112,20201120,전남 목포시 삼향천로 28(옥암동),21.0,4.5,2020
목포,336112,20201121,전남 목포시 삼향천로 28(옥암동),14.0,4.5,2020
목포,336112,20201122,전남 목포시 삼향천로 28(옥암동),5.5,2.5,2020
목포,336112,20201123,전남 목포시 삼향천로 28(옥암동),20.0,6.0,2020
목포,336112,20201124,전남 목포시 삼향천로 28(옥암동),9.0,7.0,2020
목포,336112,20201125,전남 목포시 삼향천로 28(옥암동),15.0,3.0,2020
목포,336112,20201126,전남 목포시 삼향천로 28(옥암동),27.0,11.5,2020
목포,336112,20201127,전남 목포시 삼향천로 28(옥암동),15.0,7.0,2020
목포,336112,20201128,전남 목포시 삼향천로 28(옥암동),12.5,2.5,2020
목포,336112,20201129,전남 목포시 삼향천로 28(옥암동),15.5,9.0,2020
목포,336112,20201130,전남 목포시 삼향천로 28(옥암동),12.0,4.0,2020
목포,336111,20201201,전남 목포시 동부로 31번길 20(용당1동 주민센터 옥상),22.0,8.5,2020
목포,336111,20201202,전남 목포시 동부로 31번길 20(용당1동 주민센터 옥상),35.5,9.0,2020
목포,336111,20201203,전남 목포시 동부로 31번길 20(용당1동 주민센터 옥상),28.0,13.0,2020
목포,336111,20201204,전남 목포시 동부로 31번길 20(용당1동 주민센터 옥상),20.5,6.5,2020
목포,336111,20201205,전남 목포시 동부로 31번길 20(용당1동 주민센터 옥상),36.5,16.0,2020
목포,336111,20201206,전남 목포시 동부로 31번길 20(용당1동 주민센터 옥상),44.5,13.0,2020
목포,336111,20201207,전남 목포시 동부로 31번길 20(용당1동 주민센터 옥상),44.5,15.0,2020
목포,336111,20201208,전남 목포시 동부로 31번길 20(용당1동 주민센터 옥상),45.0,15.0,2020
목포,336111,20201209,전남 목포시 동부로 31번길 20(용당1동 주민센터 옥상),21.5,9.5,2020
목포,336111,20201210,전남 목포시 동부로 31번길 20(용당1동 주민센터 옥상),46.0,15.0,2020
목포,336111,20201211,전남 목포시 동부로 31번길 20(용당1동 주민센터 옥상),50.0,17.5,2020
목포,336111,20201212,전남 목포시 동부로 31번길 20(용당1동 주민센터 옥상),44.0,16.5,2020
목포,336111,20201213,전남 목포시 동부로 31번길 20(용당1동 주민센터 옥상),40.5,17.5,2020
목포,336111,20201214,전남 목포시 동부로 31번길 20(용당1동 주민센터 옥상),26.0,5.5,2020
목포,336111,20201215,전남 목포시 동부로 31번길 20(용당1동 주민센터 옥상),21.5,8.0,2020
목포,336111,20201216,전남 목포시 동부로 31번길 20(용당1동 주민센터 옥상),18.0,8.0,2020
목포,336111,20201217,전남 목포시 동부로 31번길 20(용당1동 주민센터 옥상),13.0,5.0,2020
목포,336111,20201218,전남 목포시 동부로 31번길 20(용당1동 주민센터 옥상),43.5,13.5,2020
목포,336111,20201219,전남 목포시 동부로 31번길 20(용당1동 주민센터 옥상),29.0,7.5,2020
목포,336111,20201220,전남 목포시 동부로 31번길 20(용당1동 주민센터 옥상),14.0,6.0,2020
목포,336111,20201221,전남 목포시 동부로 31번길 20(용당1동 주민센터 옥상),43.0,15.5,2020
목포,336111,20201222,전남 목포시 동부로 31번길 20(용당1동 주민센터 옥상),48.0,21.0,2020
목포,336111,20201223,전남 목포시 동부로 31번길 20(용당1동 주민센터 옥상),80.0,37.0,2020
목포,336111,20201224,전남 목포시 동부로 31번길 20(용당1동 주민센터 옥상),103.0,38.0,2020
목포,336111,20201225,전남 목포시 동부로 31번길 20(용당1동 주민센터 옥상),26.5,8.0,2020
목포,336111,20201226,전남 목포시 동부로 31번길 20(용당1동 주민센터 옥상),33.5,11.0,2020
목포,336111,20201227,전남 목포시 동부로 31번길 20(용당1동 주민센터 옥상),38.0,14.0,2020
목포,336111,20201228,전남 목포시 동부로 31번길 20(용당1동 주민센터 옥상),12.0,8.0,2020
목포,336111,20201229,전남 목포시 동부로 31번길 20(용당1동 주민센터 옥상),26.5,12.5,2020
목포,336111,20201230,전남 목포시 동부로 31번길 20(용당1동 주민센터 옥상),30.5,3.0,2020
목포,336111,20201231,전남 목포시 동부로 31번길 20(용당1동 주민센터 옥상),18.0,5.5,2020
목포,336112,20201201,전남 목포시 삼향천로 28(옥암동),10.5,3.0,2020
목포,336112,20201202,전남 목포시 삼향천로 28(옥암동),25.5,6.0,2020
목포,336112,20201203,전남 목포시 삼향천로 28(옥암동),20.5,8.0,2020
목포,336112,20201204,전남 목포시 삼향천로 28(옥암동),17.5,3.5,2020
목포,336112,20201205,전남 목포시 삼향천로 28(옥암동),27.0,9.5,2020
목포,336112,20201206,전남 목포시 삼향천로 28(옥암동),26.5,11.0,2020
목포,336112,20201207,전남 목포시 삼향천로 28(옥암동),31.5,17.0,2020
목포,336112,20201208,전남 목포시 삼향천로 28(옥암동),22.0,7.0,2020
목포,336112,20201209,전남 목포시 삼향천로 28(옥암동),18.0,5.5,2020
목포,336112,20201210,전남 목포시 삼향천로 28(옥암동),35.0,18.5,2020
목포,336112,20201211,전남 목포시 삼향천로 28(옥암동),30.5,13.5,2020
목포,336112,20201212,전남 목포시 삼향천로 28(옥암동),22.0,3.5,2020
목포,336112,20201213,전남 목포시 삼향천로 28(옥암동),32.0,14.5,2020
목포,336112,20201214,전남 목포시 삼향천로 28(옥암동),8.0,2.0,2020
목포,336112,20201215,전남 목포시 삼향천로 28(옥암동),14.0,3.0,2020
목포,336112,20201216,전남 목포시 삼향천로 28(옥암동),10.5,2.5,2020
목포,336112,20201217,전남 목포시 삼향천로 28(옥암동),8.5,2.0,2020
목포,336112,20201218,전남 목포시 삼향천로 28(옥암동),16.5,8.0,2020
목포,336112,20201219,전남 목포시 삼향천로 28(옥암동),15.5,2.0,2020
목포,336112,20201220,전남 목포시 삼향천로 28(옥암동),7.0,2.0,2020
목포,336112,20201221,전남 목포시 삼향천로 28(옥암동),18.0,9.0,2020
목포,336112,20201222,전남 목포시 삼향천로 28(옥암동),33.0,19.0,2020
목포,336112,20201223,전남 목포시 삼향천로 28(옥암동),80.5,33.0,2020
목포,336112,20201224,전남 목포시 삼향천로 28(옥암동),103.5,60.5,2020
목포,336112,20201225,전남 목포시 삼향천로 28(옥암동),17.0,2.0,2020
목포,336112,20201226,전남 목포시 삼향천로 28(옥암동),24.0,3.5,2020
목포,336112,20201227,전남 목포시 삼향천로 28(옥암동),33.0,15.0,2020
목포,336112,20201228,전남 목포시 삼향천로 28(옥암동),8.5,3.0,2020
목포,336112,20201229,전남 목포시 삼향천로 28(옥암동),15.0,4.0,2020
목포,336112,20201230,전남 목포시 삼향천로 28(옥암동),8.5,,2020
목포,336112,20201231,전남 목포시 삼향천로 28(옥암동),12.0,2.5,2020
목포,336111,20200101,전남 목포시 동부로 31번길 20(용당1동 주민센터 옥상),21.0,6.5,2020
목포,336111,20200102,전남 목포시 동부로 31번길 20(용당1동 주민센터 옥상),44.0,29.5,2020
목포,336111,20200103,전남 목포시 동부로 31번길 20(용당1동 주민센터 옥상),59.5,52.5,2020
목포,336111,20200104,전남 목포시 동부로 31번길 20(용당1동 주민센터 옥상),63.5,54.5,2020
목포,336111,20200105,전남 목포시 동부로 31번길 20(용당1동 주민센터 옥상),36.0,30.0,2020
목포,336111,20200106,전남 목포시 동부로 31번길 20(용당1동 주민센터 옥상),27.0,30.5,2020
목포,336111,20200107,전남 목포시 동부로 31번길 20(용당1동 주민센터 옥상),24.5,7.5,2020
목포,336111,20200108,전남 목포시 동부로 31번길 20(용당1동 주민센터 옥상),53.0,24.0,2020
목포,336111,20200109,전남 목포시 동부로 31번길 20(용당1동 주민센터 옥상),42.0,22.0,2020
목포,336111,20200110,전남 목포시 동부로 31번길 20(용당1동 주민센터 옥상),38.5,20.0,2020
목포,336111,20200111,전남 목포시 동부로 31번길 20(용당1동 주민센터 옥상),45.0,31.5,2020
목포,336111,20200112,전남 목포시 동부로 31번길 20(용당1동 주민센터 옥상),27.5,13.5,2020
목포,336111,20200113,전남 목포시 동부로 31번길 20(용당1동 주민센터 옥상),25.0,14.0,2020
목포,336111,20200114,전남 목포시 동부로 31번길 20(용당1동 주민센터 옥상),22.0,12.5,2020
목포,336111,20200115,전남 목포시 동부로 31번길 20(용당1동 주민센터 옥상),26.0,23.0,2020
목포,336111,20200116,전남 목포시 동부로 31번길 20(용당1동 주민센터 옥상),24.5,16.5,2020
목포,336111,20200117,전남 목포시 동부로 31번길 20(용당1동 주민센터 옥상),35.0,19.0,2020
목포,336111,20200118,전남 목포시 동부로 31번길 20(용당1동 주민센터 옥상),29.5,15.5,2020
목포,336111,20200119,전남 목포시 동부로 31번길 20(용당1동 주민센터 옥상),70.5,43.0,2020
목포,336111,20200120,전남 목포시 동부로 31번길 20(용당1동 주민센터 옥상),61.0,28.0,2020
목포,336111,20200121,전남 목포시 동부로 31번길 20(용당1동 주민센터 옥상),28.0,6.5,2020
목포,336111,20200122,전남 목포시 동부로 31번길 20(용당1동 주민센터 옥상),34.0,26.0,2020
목포,336111,20200123,전남 목포시 동부로 31번길 20(용당1동 주민센터 옥상),27.0,29.0,2020
목포,336111,20200124,전남 목포시 동부로 31번길 20(용당1동 주민센터 옥상),80.0,51.5,2020
목포,336111,20200125,전남 목포시 동부로 31번길 20(용당1동 주민센터 옥상),76.5,62.5,2020
목포,336111,20200126,전남 목포시 동부로 31번길 20(용당1동 주민센터 옥상),93.0,76.0,2020
목포,336111,20200127,전남 목포시 동부로 31번길 20(용당1동 주민센터 옥상),5.5,2.0,2020
목포,336111,20200128,전남 목포시 동부로 31번길 20(용당1동 주민센터 옥상),12.5,8.0,2020
목포,336111,20200129,전남 목포시 동부로 31번길 20(용당1동 주민센터 옥상),26.0,12.0,2020
목포,336111,20200130,전남 목포시 동부로 31번길 20(용당1동 주민센터 옥상),73.5,40.0,2020
목포,336111,20200131,전남 목포시 동부로 31번길 20(용당1동 주민센터 옥상),33.0,19.5,2020
목포,336112,20200101,전남 목포시 삼향천로 28(옥암동),17.5,5.0,2020
목포,336112,20200102,전남 목포시 삼향천로 28(옥암동),32.0,14.5,2020
목포,336112,20200103,전남 목포시 삼향천로 28(옥암동),59.0,29.5,2020
목포,336112,20200104,전남 목포시 삼향천로 28(옥암동),59.5,33.5,2020
목포,336112,20200105,전남 목포시 삼향천로 28(옥암동),30.5,14.5,2020
목포,336112,20200106,전남 목포시 삼향천로 28(옥암동),22.5,14.5,2020
목포,336112,20200107,전남 목포시 삼향천로 28(옥암동),34.0,17.0,2020
목포,336112,20200108,전남 목포시 삼향천로 28(옥암동),46.0,19.0,2020
목포,336112,20200109,전남 목포시 삼향천로 28(옥암동),35.0,18.5,2020
목포,336112,20200110,전남 목포시 삼향천로 28(옥암동),28.5,11.0,2020
목포,336112,20200111,전남 목포시 삼향천로 28(옥암동),36.5,20.5,2020
목포,336112,20200112,전남 목포시 삼향천로 28(옥암동),24.0,8.5,2020
목포,336112,20200113,전남 목포시 삼향천로 28(옥암동),25.5,9.0,2020
목포,336112,20200114,전남 목포시 삼향천로 28(옥암동),21.5,9.5,2020
목포,336112,20200115,전남 목포시 삼향천로 28(옥암동),29.0,18.0,2020
목포,336112,20200116,전남 목포시 삼향천로 28(옥암동),20.0,11.0,2020
목포,336112,20200117,전남 목포시 삼향천로 28(옥암동),28.5,11.0,2020
목포,336112,20200118,전남 목포시 삼향천로 28(옥암동),28.5,8.5,2020
목포,336112,20200119,전남 목포시 삼향천로 28(옥암동),47.0,30.0,2020
목포,336112,20200120,전남 목포시 삼향천로 28(옥암동),55.0,19.5,2020
목포,336112,20200121,전남 목포시 삼향천로 28(옥암동),23.0,3.0,2020
목포,336112,20200122,전남 목포시 삼향천로 28(옥암동),27.0,14.0,2020
목포,336112,20200123,전남 목포시 삼향천로 28(옥암동),20.5,11.0,2020
목포,336112,20200124,전남 목포시 삼향천로 28(옥암동),71.0,40.5,2020
목포,336112,20200125,전남 목포시 삼향천로 28(옥암동),62.0,36.5,2020
목포,336112,20200126,전남 목포시 삼향천로 28(옥암동),77.5,48.5,2020
목포,336112,20200127,전남 목포시 삼향천로 28(옥암동),5.0,3.0,2020
목포,336112,20200128,전남 목포시 삼향천로 28(옥암동),8.5,3.5,2020
목포,336112,20200129,전남 목포시 삼향천로 28(옥암동),21.5,7.0,2020
목포,336112,20200130,전남 목포시 삼향천로 28(옥암동),58.0,37.5,2020
목포,336112,20200131,전남 목포시 삼향천로 28(옥암동),30.0,11.0,2020
목포,336111,20200201,전남 목포시 동부로 31번길 20(용당1동 주민센터 옥상),45.5,22.5,2020
목포,336111,20200202,전남 목포시 동부로 31번길 20(용당1동 주민센터 옥상),47.0,21.0,2020
목포,336111,20200203,전남 목포시 동부로 31번길 20(용당1동 주민센터 옥상),25.0,16.0,2020
목포,336111,20200204,전남 목포시 동부로 31번길 20(용당1동 주민센터 옥상),22.5,8.5,2020
목포,336111,20200205,전남 목포시 동부로 31번길 20(용당1동 주민센터 옥상),18.0,2.0,2020
목포,336111,20200206,전남 목포시 동부로 31번길 20(용당1동 주민센터 옥상),28.0,6.5,2020
목포,336111,20200207,전남 목포시 동부로 31번길 20(용당1동 주민센터 옥상),36.0,8.5,2020
목포,336111,20200208,전남 목포시 동부로 31번길 20(용당1동 주민센터 옥상),77.0,40.0,2020
목포,336111,20200209,전남 목포시 동부로 31번길 20(용당1동 주민센터 옥상),31.5,16.0,2020
목포,336111,20200210,전남 목포시 동부로 31번길 20(용당1동 주민센터 옥상),73.5,31.5,2020
목포,336111,20200211,전남 목포시 동부로 31번길 20(용당1동 주민센터 옥상),78.0,55.5,2020
목포,336111,20200212,전남 목포시 동부로 31번길 20(용당1동 주민센터 옥상),32.0,9.0,2020
목포,336111,20200213,전남 목포시 동부로 31번길 20(용당1동 주민센터 옥상),25.0,10.5,2020
목포,336111,20200214,전남 목포시 동부로 31번길 20(용당1동 주민센터 옥상),26.5,16.5,2020
목포,336111,20200215,전남 목포시 동부로 31번길 20(용당1동 주민센터 옥상),45.0,21.5,2020
목포,336111,20200216,전남 목포시 동부로 31번길 20(용당1동 주민센터 옥상),42.0,10.0,2020
목포,336111,20200217,전남 목포시 동부로 31번길 20(용당1동 주민센터 옥상),53.5,4.5,2020
목포,336111,20200218,전남 목포시 동부로 31번길 20(용당1동 주민센터 옥상),26.0,8.5,2020
목포,336111,20200219,전남 목포시 동부로 31번길 20(용당1동 주민센터 옥상),19.0,11.5,2020
목포,336111,20200220,전남 목포시 동부로 31번길 20(용당1동 주민센터 옥상),37.5,13.0,2020
목포,336111,20200221,전남 목포시 동부로 31번길 20(용당1동 주민센터 옥상),39.5,18.5,2020
목포,336111,20200222,전남 목포시 동부로 31번길 20(용당1동 주민센터 옥상),116.0,30.5,2020
목포,336111,20200223,전남 목포시 동부로 31번길 20(용당1동 주민센터 옥상),26.5,8.5,2020
목포,336111,20200224,전남 목포시 동부로 31번길 20(용당1동 주민센터 옥상),34.5,10.5,2020
목포,336111,20200225,전남 목포시 동부로 31번길 20(용당1동 주민센터 옥상),63.0,16.0,2020
목포,336111,20200226,전남 목포시 동부로 31번길 20(용당1동 주민센터 옥상),18.0,6.0,2020
목포,336111,20200227,전남 목포시 동부로 31번길 20(용당1동 주민센터 옥상),54.0,16.0,2020
목포,336111,20200228,전남 목포시 동부로 31번길 20(용당1동 주민센터 옥상),18.0,7.5,2020
목포,336111,20200229,전남 목포시 동부로 31번길 20(용당1동 주민센터 옥상),18.0,10.5,2020
목포,336112,20200201,전남 목포시 삼향천로 28(옥암동),36.0,17.5,2020
목포,336112,20200202,전남 목포시 삼향천로 28(옥암동),33.5,15.5,2020
목포,336112,20200203,전남 목포시 삼향천로 28(옥암동),25.0,15.0,2020
목포,336112,20200204,전남 목포시 삼향천로 28(옥암동),15.5,2.5,2020
목포,336112,20200205,전남 목포시 삼향천로 28(옥암동),13.0,2.0,2020
목포,336112,20200206,전남 목포시 삼향천로 28(옥암동),20.5,6.5,2020
목포,336112,20200207,전남 목포시 삼향천로 28(옥암동),35.5,14.5,2020
목포,336112,20200208,전남 목포시 삼향천로 28(옥암동),67.5,48.0,2020
목포,336112,20200209,전남 목포시 삼향천로 28(옥암동),23.5,10.5,2020
목포,336112,20200210,전남 목포시 삼향천로 28(옥암동),64.0,34.0,2020
목포,336112,20200211,전남 목포시 삼향천로 28(옥암동),67.5,44.0,2020
목포,336112,20200212,전남 목포시 삼향천로 28(옥암동),9.0,3.5,2020
목포,336112,20200213,전남 목포시 삼향천로 28(옥암동),9.5,6.5,2020
목포,336112,20200214,전남 목포시 삼향천로 28(옥암동),20.0,7.0,2020
목포,336112,20200215,전남 목포시 삼향천로 28(옥암동),31.0,12.5,2020
목포,336112,20200216,전남 목포시 삼향천로 28(옥암동),27.5,7.5,2020
목포,336112,20200217,전남 목포시 삼향천로 28(옥암동),29.0,4.0,2020
목포,336112,20200218,전남 목포시 삼향천로 28(옥암동),22.0,5.0,2020
목포,336112,20200219,전남 목포시 삼향천로 28(옥암동),18.0,4.0,2020
목포,336112,20200220,전남 목포시 삼향천로 28(옥암동),24.0,9.5,2020
목포,336112,20200221,전남 목포시 삼향천로 28(옥암동),35.5,18.5,2020
목포,336112,20200222,전남 목포시 삼향천로 28(옥암동),109.5,37.0,2020
목포,336112,20200223,전남 목포시 삼향천로 28(옥암동),20.5,5.0,2020
목포,336112,20200224,전남 목포시 삼향천로 28(옥암동),26.0,6.5,2020
목포,336112,20200225,전남 목포시 삼향천로 28(옥암동),61.0,15.5,2020
목포,336112,20200226,전남 목포시 삼향천로 28(옥암동),6.0,3.5,2020
목포,336112,20200227,전남 목포시 삼향천로 28(옥암동),40.0,19.5,2020
목포,336112,20200228,전남 목포시 삼향천로 28(옥암동),16.5,5.5,2020
목포,336112,20200229,전남 목포시 삼향천로 28(옥암동),12.0,7.0,2020
목포,336111,20200301,전남 목포시 동부로 31번길 20(용당1동 주민센터 옥상),20.0,13.0,2020
목포,336111,20200302,전남 목포시 동부로 31번길 20(용당1동 주민센터 옥상),41.5,25.5,2020
목포,336111,20200303,전남 목포시 동부로 31번길 20(용당1동 주민센터 옥상),44.5,23.0,2020
목포,336111,20200304,전남 목포시 동부로 31번길 20(용당1동 주민센터 옥상),40.5,13.5,2020
목포,336111,20200305,전남 목포시 동부로 31번길 20(용당1동 주민센터 옥상),33.5,19.0,2020
목포,336111,20200306,전남 목포시 동부로 31번길 20(용당1동 주민센터 옥상),24.5,10.5,2020
목포,336111,20200307,전남 목포시 동부로 31번길 20(용당1동 주민센터 옥상),27.0,14.0,2020
목포,336111,20200308,전남 목포시 동부로 31번길 20(용당1동 주민센터 옥상),16.5,9.0,2020
목포,336111,20200309,전남 목포시 동부로 31번길 20(용당1동 주민센터 옥상),33.5,19.5,2020
목포,336111,20200310,전남 목포시 동부로 31번길 20(용당1동 주민센터 옥상),17.0,8.0,2020
목포,336111,20200311,전남 목포시 동부로 31번길 20(용당1동 주민센터 옥상),42.0,7.0,2020
목포,336111,20200312,전남 목포시 동부로 31번길 20(용당1동 주민센터 옥상),50.0,11.0,2020
목포,336111,20200313,전남 목포시 동부로 31번길 20(용당1동 주민센터 옥상),34.0,17.5,2020
목포,336111,20200314,전남 목포시 동부로 31번길 20(용당1동 주민센터 옥상),28.5,7.0,2020
목포,336111,20200315,전남 목포시 동부로 31번길 20(용당1동 주민센터 옥상),54.0,21.5,2020
목포,336111,20200316,전남 목포시 동부로 31번길 20(용당1동 주민센터 옥상),42.0,9.0,2020
목포,336111,20200317,전남 목포시 동부로 31번길 20(용당1동 주민센터 옥상),47.0,15.5,2020
목포,336111,20200318,전남 목포시 동부로 31번길 20(용당1동 주민센터 옥상),46.0,18.0,2020
목포,336111,20200319,전남 목포시 동부로 31번길 20(용당1동 주민센터 옥상),,,2020
목포,336111,20200320,전남 목포시 동부로 31번길 20(용당1동 주민센터 옥상),37.5,7.0,2020
목포,336111,20200321,전남 목포시 동부로 31번길 20(용당1동 주민센터 옥상),44.5,10.0,2020
목포,336111,20200322,전남 목포시 동부로 31번길 20(용당1동 주민센터 옥상),61.5,20.5,2020
목포,336111,20200323,전남 목포시 동부로 31번길 20(용당1동 주민센터 옥상),42.5,19.5,2020
목포,336111,20200324,전남 목포시 동부로 31번길 20(용당1동 주민센터 옥상),74.0,29.0,2020
목포,336111,20200325,전남 목포시 동부로 31번길 20(용당1동 주민센터 옥상),32.5,17.0,2020
목포,336111,20200326,전남 목포시 동부로 31번길 20(용당1동 주민센터 옥상),13.0,8.5,2020
목포,336111,20200327,전남 목포시 동부로 31번길 20(용당1동 주민센터 옥상),28.0,10.0,2020
목포,336111,20200328,전남 목포시 동부로 31번길 20(용당1동 주민센터 옥상),32.0,4.5,2020
목포,336111,20200329,전남 목포시 동부로 31번길 20(용당1동 주민센터 옥상),37.0,9.5,2020
목포,336111,20200330,전남 목포시 동부로 31번길 20(용당1동 주민센터 옥상),36.5,18.5,2020
목포,336111,20200331,전남 목포시 동부로 31번길 20(용당1동 주민센터 옥상),43.5,15.0,2020
목포,336112,20200301,전남 목포시 삼향천로 28(옥암동),19.0,12.0,2020
목포,336112,20200302,전남 목포시 삼향천로 28(옥암동),35.5,17.5,2020
목포,336112,20200303,전남 목포시 삼향천로 28(옥암동),39.5,20.5,2020
목포,336112,20200304,전남 목포시 삼향천로 28(옥암동),40.5,11.0,2020
목포,336112,20200305,전남 목포시 삼향천로 28(옥암동),29.0,12.0,2020
목포,336112,20200306,전남 목포시 삼향천로 28(옥암동),26.5,13.5,2020
목포,336112,20200307,전남 목포시 삼향천로 28(옥암동),21.0,11.5,2020
목포,336112,20200308,전남 목포시 삼향천로 28(옥암동),19.5,9.0,2020
목포,336112,20200309,전남 목포시 삼향천로 28(옥암동),32.0,18.0,2020
목포,336112,20200310,전남 목포시 삼향천로 28(옥암동),15.0,5.0,2020
목포,336112,20200311,전남 목포시 삼향천로 28(옥암동),41.0,5.0,2020
목포,336112,20200312,전남 목포시 삼향천로 28(옥암동),35.0,12.5,2020
목포,336112,20200313,전남 목포시 삼향천로 28(옥암동),41.5,9.0,2020
목포,336112,20200314,전남 목포시 삼향천로 28(옥암동),28.5,8.0,2020
목포,336112,20200315,전남 목포시 삼향천로 28(옥암동),49.0,7.5,2020
목포,336112,20200316,전남 목포시 삼향천로 28(옥암동),28.0,11.0,2020
목포,336112,20200317,전남 목포시 삼향천로 28(옥암동),30.0,8.0,2020
목포,336112,20200318,전남 목포시 삼향천로 28(옥암동),41.5,21.5,2020
목포,336112,20200319,전남 목포시 삼향천로 28(옥암동),62.5,21.0,2020
목포,336112,20200320,전남 목포시 삼향천로 28(옥암동),40.0,8.5,2020
목포,336112,20200321,전남 목포시 삼향천로 28(옥암동),48.0,9.5,2020
목포,336112,20200322,전남 목포시 삼향천로 28(옥암동),48.0,19.0,2020
목포,336112,20200323,전남 목포시 삼향천로 28(옥암동),38.0,20.0,2020
목포,336112,20200324,전남 목포시 삼향천로 28(옥암동),42.0,29.0,2020
목포,336112,20200325,전남 목포시 삼향천로 28(옥암동),34.0,14.0,2020
목포,336112,20200326,전남 목포시 삼향천로 28(옥암동),10.5,3.5,2020
목포,336112,20200327,전남 목포시 삼향천로 28(옥암동),21.5,10.0,2020
목포,336112,20200328,전남 목포시 삼향천로 28(옥암동),23.0,4.5,2020
목포,336112,20200329,전남 목포시 삼향천로 28(옥암동),27.5,10.0,2020
목포,336112,20200330,전남 목포시 삼향천로 28(옥암동),43.0,14.0,2020
목포,336112,20200331,전남 목포시 삼향천로 28(옥암동),39.0,16.5,2020
목포,336111,20200401,전남 목포시 동부로 31번길 20(용당1동 주민센터 옥상),42.0,10.5,2020
목포,336111,20200402,전남 목포시 동부로 31번길 20(용당1동 주민센터 옥상),51.5,19.5,2020
목포,336111,20200403,전남 목포시 동부로 31번길 20(용당1동 주민센터 옥상),36.5,14.5,2020
목포,336111,20200404,전남 목포시 동부로 31번길 20(용당1동 주민센터 옥상),55.5,16.5,2020
목포,336111,20200405,전남 목포시 동부로 31번길 20(용당1동 주민센터 옥상),38.0,9.5,2020
목포,336111,20200406,전남 목포시 동부로 31번길 20(용당1동 주민센터 옥상),39.5,9.0,2020
목포,336111,20200407,전남 목포시 동부로 31번길 20(용당1동 주민센터 옥상),32.0,7.5,2020
목포,336111,20200408,전남 목포시 동부로 31번길 20(용당1동 주민센터 옥상),48.0,14.5,2020
목포,336111,20200409,전남 목포시 동부로 31번길 20(용당1동 주민센터 옥상),38.5,15.0,2020
목포,336111,20200410,전남 목포시 동부로 31번길 20(용당1동 주민센터 옥상),,,2020
목포,336111,20200411,전남 목포시 동부로 31번길 20(용당1동 주민센터 옥상),30.0,17.5,2020
목포,336111,20200412,전남 목포시 동부로 31번길 20(용당1동 주민센터 옥상),29.5,14.5,2020
목포,336111,20200413,전남 목포시 동부로 31번길 20(용당1동 주민센터 옥상),13.0,7.0,2020
목포,336111,20200414,전남 목포시 동부로 31번길 20(용당1동 주민센터 옥상),37.0,24.5,2020
목포,336111,20200415,전남 목포시 동부로 31번길 20(용당1동 주민센터 옥상),44.0,26.0,2020
목포,336111,20200416,전남 목포시 동부로 31번길 20(용당1동 주민센터 옥상),48.5,19.0,2020
목포,336111,20200417,전남 목포시 동부로 31번길 20(용당1동 주민센터 옥상),17.0,10.5,2020
목포,336111,20200418,전남 목포시 동부로 31번길 20(용당1동 주민센터 옥상),26.0,13.5,2020
목포,336111,20200419,전남 목포시 동부로 31번길 20(용당1동 주민센터 옥상),17.0,8.5,2020
목포,336111,20200420,전남 목포시 동부로 31번길 20(용당1동 주민센터 옥상),13.0,9.0,2020
목포,336111,20200421,전남 목포시 동부로 31번길 20(용당1동 주민센터 옥상),39.5,8.0,2020
목포,336111,20200422,전남 목포시 동부로 31번길 20(용당1동 주민센터 옥상),78.5,9.5,2020
목포,336111,20200423,전남 목포시 동부로 31번길 20(용당1동 주민센터 옥상),53.5,12.0,2020
목포,336111,20200424,전남 목포시 동부로 31번길 20(용당1동 주민센터 옥상),35.0,7.0,2020
목포,336111,20200425,전남 목포시 동부로 31번길 20(용당1동 주민센터 옥상),68.0,21.0,2020
목포,336111,20200426,전남 목포시 동부로 31번길 20(용당1동 주민센터 옥상),40.0,17.0,2020
목포,336111,20200427,전남 목포시 동부로 31번길 20(용당1동 주민센터 옥상),31.5,13.0,2020
목포,336111,20200428,전남 목포시 동부로 31번길 20(용당1동 주민센터 옥상),24.5,19.0,2020
목포,336111,20200429,전남 목포시 동부로 31번길 20(용당1동 주민센터 옥상),20.5,13.5,2020
목포,336111,20200430,전남 목포시 동부로 31번길 20(용당1동 주민센터 옥상),34.0,12.5,2020
목포,336112,20200401,전남 목포시 삼향천로 28(옥암동),30.5,7.5,2020
목포,336112,20200402,전남 목포시 삼향천로 28(옥암동),41.5,18.0,2020
목포,336112,20200403,전남 목포시 삼향천로 28(옥암동),29.0,8.5,2020
목포,336112,20200404,전남 목포시 삼향천로 28(옥암동),32.0,12.5,2020
목포,336112,20200405,전남 목포시 삼향천로 28(옥암동),28.5,13.0,2020
목포,336112,20200406,전남 목포시 삼향천로 28(옥암동),23.0,5.5,2020
목포,336112,20200407,전남 목포시 삼향천로 28(옥암동),26.5,4.0,2020
목포,336112,20200408,전남 목포시 삼향천로 28(옥암동),35.0,7.5,2020
목포,336112,20200409,전남 목포시 삼향천로 28(옥암동),27.0,10.0,2020
목포,336112,20200410,전남 목포시 삼향천로 28(옥암동),37.0,14.0,2020
목포,336112,20200411,전남 목포시 삼향천로 28(옥암동),22.5,14.5,2020
목포,336112,20200412,전남 목포시 삼향천로 28(옥암동),22.5,15.5,2020
목포,336112,20200413,전남 목포시 삼향천로 28(옥암동),12.0,4.5,2020
목포,336112,20200414,전남 목포시 삼향천로 28(옥암동),34.5,20.5,2020
목포,336112,20200415,전남 목포시 삼향천로 28(옥암동),36.5,20.5,2020
목포,336112,20200416,전남 목포시 삼향천로 28(옥암동),45.0,13.5,2020
목포,336112,20200417,전남 목포시 삼향천로 28(옥암동),18.0,5.5,2020
목포,336112,20200418,전남 목포시 삼향천로 28(옥암동),24.5,8.5,2020
목포,336112,20200419,전남 목포시 삼향천로 28(옥암동),14.5,4.5,2020
목포,336112,20200420,전남 목포시 삼향천로 28(옥암동),10.0,4.5,2020
목포,336112,20200421,전남 목포시 삼향천로 28(옥암동),34.0,5.5,2020
목포,336112,20200422,전남 목포시 삼향천로 28(옥암동),67.5,11.0,2020
목포,336112,20200423,전남 목포시 삼향천로 28(옥암동),40.0,9.0,2020
목포,336112,20200424,전남 목포시 삼향천로 28(옥암동),34.0,7.5,2020
목포,336112,20200425,전남 목포시 삼향천로 28(옥암동),64.5,24.0,2020
목포,336112,20200426,전남 목포시 삼향천로 28(옥암동),38.5,16.0,2020
목포,336112,20200427,전남 목포시 삼향천로 28(옥암동),36.0,10.0,2020
목포,336112,20200428,전남 목포시 삼향천로 28(옥암동),29.5,14.5,2020
목포,336112,20200429,전남 목포시 삼향천로 28(옥암동),23.0,7.0,2020
목포,336112,20200430,전남 목포시 삼향천로 28(옥암동),35.0,9.0,2020
목포,336111,20200501,전남 목포시 동부로 31번길 20(용당1동 주민센터 옥상),49.0,22.5,2020
목포,336111,20200502,전남 목포시 동부로 31번길 20(용당1동 주민센터 옥상),38.5,21.5,2020
목포,336111,20200503,전남 목포시 동부로 31번길 20(용당1동 주민센터 옥상),14.0,3.0,2020
목포,336111,20200504,전남 목포시 동부로 31번길 20(용당1동 주민센터 옥상),18.5,11.0,2020
목포,336111,20200505,전남 목포시 동부로 31번길 20(용당1동 주민센터 옥상),35.0,16.0,2020
목포,336111,20200506,전남 목포시 동부로 31번길 20(용당1동 주민센터 옥상),21.5,15.0,2020
목포,336111,20200507,전남 목포시 동부로 31번길 20(용당1동 주민센터 옥상),31.5,5.0,2020
목포,336111,20200508,전남 목포시 동부로 31번길 20(용당1동 주민센터 옥상),29.0,7.0,2020
목포,336111,20200509,전남 목포시 동부로 31번길 20(용당1동 주민센터 옥상),7.0,5.0,2020
목포,336111,20200510,전남 목포시 동부로 31번길 20(용당1동 주민센터 옥상),12.0,10.0,2020
목포,336111,20200511,전남 목포시 동부로 31번길 20(용당1동 주민센터 옥상),39.5,33.5,2020
목포,336111,20200512,전남 목포시 동부로 31번길 20(용당1동 주민센터 옥상),38.5,7.0,2020
목포,336111,20200513,전남 목포시 동부로 31번길 20(용당1동 주민센터 옥상),33.5,6.5,2020
목포,336111,20200514,전남 목포시 동부로 31번길 20(용당1동 주민센터 옥상),56.0,16.0,2020
목포,336111,20200515,전남 목포시 동부로 31번길 20(용당1동 주민센터 옥상),22.0,10.0,2020
목포,336111,20200516,전남 목포시 동부로 31번길 20(용당1동 주민센터 옥상),32.0,13.5,2020
목포,336111,20200517,전남 목포시 동부로 31번길 20(용당1동 주민센터 옥상),9.0,2.0,2020
목포,336111,20200518,전남 목포시 동부로 31번길 20(용당1동 주민센터 옥상),26.0,12.0,2020
목포,336111,20200519,전남 목포시 동부로 31번길 20(용당1동 주민센터 옥상),74.5,10.5,2020
목포,336111,20200520,전남 목포시 동부로 31번길 20(용당1동 주민센터 옥상),21.5,5.5,2020
목포,336111,20200521,전남 목포시 동부로 31번길 20(용당1동 주민센터 옥상),23.0,9.5,2020
목포,336111,20200522,전남 목포시 동부로 31번길 20(용당1동 주민센터 옥상),28.0,9.5,2020
목포,336111,20200523,전남 목포시 동부로 31번길 20(용당1동 주민센터 옥상),27.5,10.0,2020
목포,336111,20200524,전남 목포시 동부로 31번길 20(용당1동 주민센터 옥상),30.5,16.5,2020
목포,336111,20200525,전남 목포시 동부로 31번길 20(용당1동 주민센터 옥상),15.0,8.0,2020
목포,336111,20200526,전남 목포시 동부로 31번길 20(용당1동 주민센터 옥상),22.0,15.0,2020
목포,336111,20200527,전남 목포시 동부로 31번길 20(용당1동 주민센터 옥상),25.5,8.5,2020
목포,336111,20200528,전남 목포시 동부로 31번길 20(용당1동 주민센터 옥상),29.0,12.0,2020
목포,336111,20200529,전남 목포시 동부로 31번길 20(용당1동 주민센터 옥상),37.0,17.0,2020
목포,336111,20200530,전남 목포시 동부로 31번길 20(용당1동 주민센터 옥상),39.0,24.0,2020
목포,336111,20200531,전남 목포시 동부로 31번길 20(용당1동 주민센터 옥상),23.0,15.0,2020
목포,336112,20200501,전남 목포시 삼향천로 28(옥암동),42.0,18.0,2020
목포,336112,20200502,전남 목포시 삼향천로 28(옥암동),35.0,17.5,2020
목포,336112,20200503,전남 목포시 삼향천로 28(옥암동),8.5,2.0,2020
목포,336112,20200504,전남 목포시 삼향천로 28(옥암동),15.0,5.5,2020
목포,336112,20200505,전남 목포시 삼향천로 28(옥암동),32.5,17.0,2020
목포,336112,20200506,전남 목포시 삼향천로 28(옥암동),21.0,5.5,2020
목포,336112,20200507,전남 목포시 삼향천로 28(옥암동),29.5,5.5,2020
목포,336112,20200508,전남 목포시 삼향천로 28(옥암동),27.0,7.5,2020
목포,336112,20200509,전남 목포시 삼향천로 28(옥암동),8.5,3.5,2020
목포,336112,20200510,전남 목포시 삼향천로 28(옥암동),11.0,7.0,2020
목포,336112,20200511,전남 목포시 삼향천로 28(옥암동),46.5,28.0,2020
목포,336112,20200512,전남 목포시 삼향천로 28(옥암동),29.0,8.5,2020
목포,336112,20200513,전남 목포시 삼향천로 28(옥암동),30.0,4.5,2020
목포,336112,20200514,전남 목포시 삼향천로 28(옥암동),34.5,5.5,2020
목포,336112,20200515,전남 목포시 삼향천로 28(옥암동),12.5,4.0,2020
목포,336112,20200516,전남 목포시 삼향천로 28(옥암동),21.5,14.0,2020
목포,336112,20200517,전남 목포시 삼향천로 28(옥암동),7.0,3.5,2020
목포,336112,20200518,전남 목포시 삼향천로 28(옥암동),20.0,9.0,2020
목포,336112,20200519,전남 목포시 삼향천로 28(옥암동),58.5,13.0,2020
목포,336112,20200520,전남 목포시 삼향천로 28(옥암동),16.0,5.5,2020
목포,336112,20200521,전남 목포시 삼향천로 28(옥암동),20.0,7.0,2020
목포,336112,20200522,전남 목포시 삼향천로 28(옥암동),16.5,5.0,2020
목포,336112,20200523,전남 목포시 삼향천로 28(옥암동),21.0,7.5,2020
목포,336112,20200524,전남 목포시 삼향천로 28(옥암동),21.5,12.5,2020
목포,336112,20200525,전남 목포시 삼향천로 28(옥암동),13.0,6.5,2020
목포,336112,20200526,전남 목포시 삼향천로 28(옥암동),19.5,11.0,2020
목포,336112,20200527,전남 목포시 삼향천로 28(옥암동),16.5,4.5,2020
목포,336112,20200528,전남 목포시 삼향천로 28(옥암동),24.0,9.0,2020
목포,336112,20200529,전남 목포시 삼향천로 28(옥암동),20.5,14.5,2020
목포,336112,20200530,전남 목포시 삼향천로 28(옥암동),30.5,21.0,2020
목포,336112,20200531,전남 목포시 삼향천로 28(옥암동),15.0,11.0,2020
목포,336111,20200601,전남 목포시 동부로 31번길 20(용당1동 주민센터 옥상),26.5,12.0,2020
목포,336111,20200602,전남 목포시 동부로 31번길 20(용당1동 주민센터 옥상),29.0,15.5,2020
목포,336111,20200603,전남 목포시 동부로 31번길 20(용당1동 주민센터 옥상),20.5,10.5,2020
목포,336111,20200604,전남 목포시 동부로 31번길 20(용당1동 주민센터 옥상),13.5,5.5,2020
목포,336111,20200605,전남 목포시 동부로 31번길 20(용당1동 주민센터 옥상),10.5,5.5,2020
목포,336111,20200606,전남 목포시 동부로 31번길 20(용당1동 주민센터 옥상),56.5,,2020
목포,336111,20200607,전남 목포시 동부로 31번길 20(용당1동 주민센터 옥상),71.5,,2020
목포,336111,20200608,전남 목포시 동부로 31번길 20(용당1동 주민센터 옥상),31.5,,2020
목포,336111,20200609,전남 목포시 동부로 31번길 20(용당1동 주민센터 옥상),67.0,25.5,2020
목포,336111,20200610,전남 목포시 동부로 31번길 20(용당1동 주민센터 옥상),29.0,12.0,2020
목포,336111,20200611,전남 목포시 동부로 31번길 20(용당1동 주민센터 옥상),7.5,4.0,2020
목포,336111,20200612,전남 목포시 동부로 31번길 20(용당1동 주민센터 옥상),13.0,6.0,2020
목포,336111,20200613,전남 목포시 동부로 31번길 20(용당1동 주민센터 옥상),6.5,3.0,2020
목포,336111,20200614,전남 목포시 동부로 31번길 20(용당1동 주민센터 옥상),8.0,4.0,2020
목포,336111,20200615,전남 목포시 동부로 31번길 20(용당1동 주민센터 옥상),21.5,19.0,2020
목포,336111,20200616,전남 목포시 동부로 31번길 20(용당1동 주민센터 옥상),20.0,9.0,2020
목포,336111,20200617,전남 목포시 동부로 31번길 20(용당1동 주민센터 옥상),50.0,22.0,2020
목포,336111,20200618,전남 목포시 동부로 31번길 20(용당1동 주민센터 옥상),4.5,3.5,2020
목포,336111,20200619,전남 목포시 동부로 31번길 20(용당1동 주민센터 옥상),10.5,5.5,2020
목포,336111,20200620,전남 목포시 동부로 31번길 20(용당1동 주민센터 옥상),32.5,9.5,2020
목포,336111,20200621,전남 목포시 동부로 31번길 20(용당1동 주민센터 옥상),39.5,17.0,2020
목포,336111,20200622,전남 목포시 동부로 31번길 20(용당1동 주민센터 옥상),25.5,18.0,2020
목포,336111,20200623,전남 목포시 동부로 31번길 20(용당1동 주민센터 옥상),22.0,14.0,2020
목포,336111,20200624,전남 목포시 동부로 31번길 20(용당1동 주민센터 옥상),27.5,15.5,2020
목포,336111,20200625,전남 목포시 동부로 31번길 20(용당1동 주민센터 옥상),26.0,18.0,2020
목포,336111,20200626,전남 목포시 동부로 31번길 20(용당1동 주민센터 옥상),11.0,5.5,2020
목포,336111,20200627,전남 목포시 동부로 31번길 20(용당1동 주민센터 옥상),24.5,13.5,2020
목포,336111,20200628,전남 목포시 동부로 31번길 20(용당1동 주민센터 옥상),31.5,14.0,2020
목포,336111,20200629,전남 목포시 동부로 31번길 20(용당1동 주민센터 옥상),54.0,25.0,2020
목포,336111,20200630,전남 목포시 동부로 31번길 20(용당1동 주민센터 옥상),16.5,4.0,2020
목포,336112,20200601,전남 목포시 삼향천로 28(옥암동),17.0,13.0,2020
목포,336112,20200602,전남 목포시 삼향천로 28(옥암동),15.0,6.5,2020
목포,336112,20200603,전남 목포시 삼향천로 28(옥암동),14.5,4.0,2020
목포,336112,20200604,전남 목포시 삼향천로 28(옥암동),23.5,7.5,2020
목포,336112,20200605,전남 목포시 삼향천로 28(옥암동),8.0,4.0,2020
목포,336112,20200606,전남 목포시 삼향천로 28(옥암동),30.0,16.5,2020
목포,336112,20200607,전남 목포시 삼향천로 28(옥암동),37.0,22.5,2020
목포,336112,20200608,전남 목포시 삼향천로 28(옥암동),20.0,9.5,2020
목포,336112,20200609,전남 목포시 삼향천로 28(옥암동),44.5,22.5,2020
목포,336112,20200610,전남 목포시 삼향천로 28(옥암동),19.5,,2020
목포,336112,20200611,전남 목포시 삼향천로 28(옥암동),10.5,,2020
목포,336112,20200612,전남 목포시 삼향천로 28(옥암동),11.5,,2020
목포,336112,20200613,전남 목포시 삼향천로 28(옥암동),11.5,9.5,2020
목포,336112,20200614,전남 목포시 삼향천로 28(옥암동),5.5,6.0,2020
목포,336112,20200615,전남 목포시 삼향천로 28(옥암동),22.5,11.0,2020
목포,336112,20200616,전남 목포시 삼향천로 28(옥암동),22.5,9.5,2020
목포,336112,20200617,전남 목포시 삼향천로 28(옥암동),39.0,20.5,2020
목포,336112,20200618,전남 목포시 삼향천로 28(옥암동),5.0,5.0,2020
목포,336112,20200619,전남 목포시 삼향천로 28(옥암동),13.0,3.0,2020
목포,336112,20200620,전남 목포시 삼향천로 28(옥암동),27.5,9.0,2020
목포,336112,20200621,전남 목포시 삼향천로 28(옥암동),26.5,17.5,2020
목포,336112,20200622,전남 목포시 삼향천로 28(옥암동),33.0,15.5,2020
목포,336112,20200623,전남 목포시 삼향천로 28(옥암동),24.0,10.5,2020
목포,336112,20200624,전남 목포시 삼향천로 28(옥암동),19.5,9.5,2020
목포,336112,20200625,전남 목포시 삼향천로 28(옥암동),22.0,13.5,2020
목포,336112,20200626,전남 목포시 삼향천로 28(옥암동),17.5,3.0,2020
목포,336112,20200627,전남 목포시 삼향천로 28(옥암동),26.5,10.5,2020
목포,336112,20200628,전남 목포시 삼향천로 28(옥암동),29.5,15.5,2020
목포,336112,20200629,전남 목포시 삼향천로 28(옥암동),39.5,21.0,2020
목포,336112,20200630,전남 목포시 삼향천로 28(옥암동),18.5,3.5,2020
목포,336111,20200701,전남 목포시 동부로 31번길 20(용당1동 주민센터 옥상),17.0,7.0,2020
목포,336111,20200702,전남 목포시 동부로 31번길 20(용당1동 주민센터 옥상),19.5,11.5,2020
목포,336111,20200703,전남 목포시 동부로 31번길 20(용당1동 주민센터 옥상),20.0,13.5,2020
목포,336111,20200704,전남 목포시 동부로 31번길 20(용당1동 주민센터 옥상),19.0,7.0,2020
목포,336111,20200705,전남 목포시 동부로 31번길 20(용당1동 주민센터 옥상),15.5,10.0,2020
목포,336111,20200706,전남 목포시 동부로 31번길 20(용당1동 주민센터 옥상),31.0,15.0,2020
목포,336111,20200707,전남 목포시 동부로 31번길 20(용당1동 주민센터 옥상),6.0,4.5,2020
목포,336111,20200708,전남 목포시 동부로 31번길 20(용당1동 주민센터 옥상),16.0,9.0,2020
목포,336111,20200709,전남 목포시 동부로 31번길 20(용당1동 주민센터 옥상),25.0,17.5,2020
목포,336111,20200710,전남 목포시 동부로 31번길 20(용당1동 주민센터 옥상),10.5,2.0,2020
목포,336111,20200711,전남 목포시 동부로 31번길 20(용당1동 주민센터 옥상),12.0,5.5,2020
목포,336111,20200712,전남 목포시 동부로 31번길 20(용당1동 주민센터 옥상),14.5,6.5,2020
목포,336111,20200713,전남 목포시 동부로 31번길 20(용당1동 주민센터 옥상),36.5,15.0,2020
목포,336111,20200714,전남 목포시 동부로 31번길 20(용당1동 주민센터 옥상),8.5,3.5,2020
목포,336111,20200715,전남 목포시 동부로 31번길 20(용당1동 주민센터 옥상),11.0,5.0,2020
목포,336111,20200716,전남 목포시 동부로 31번길 20(용당1동 주민센터 옥상),21.5,8.0,2020
목포,336111,20200717,전남 목포시 동부로 31번길 20(용당1동 주민센터 옥상),31.0,20.0,2020
목포,336111,20200718,전남 목포시 동부로 31번길 20(용당1동 주민센터 옥상),13.0,5.5,2020
목포,336111,20200719,전남 목포시 동부로 31번길 20(용당1동 주민센터 옥상),19.0,10.5,2020
목포,336111,20200720,전남 목포시 동부로 31번길 20(용당1동 주민센터 옥상),8.0,4.0,2020
목포,336111,20200721,전남 목포시 동부로 31번길 20(용당1동 주민센터 옥상),9.0,5.0,2020
목포,336111,20200722,전남 목포시 동부로 31번길 20(용당1동 주민센터 옥상),22.0,19.5,2020
목포,336111,20200723,전남 목포시 동부로 31번길 20(용당1동 주민센터 옥상),7.0,4.0,2020
목포,336111,20200724,전남 목포시 동부로 31번길 20(용당1동 주민센터 옥상),10.0,2.5,2020
목포,336111,20200725,전남 목포시 동부로 31번길 20(용당1동 주민센터 옥상),18.5,7.5,2020
목포,336111,20200726,전남 목포시 동부로 31번길 20(용당1동 주민센터 옥상),12.0,7.0,2020
목포,336111,20200727,전남 목포시 동부로 31번길 20(용당1동 주민센터 옥상),32.0,20.5,2020
목포,336111,20200728,전남 목포시 동부로 31번길 20(용당1동 주민센터 옥상),26.5,13.5,2020
목포,336111,20200729,전남 목포시 동부로 31번길 20(용당1동 주민센터 옥상),8.5,5.5,2020
목포,336111,20200730,전남 목포시 동부로 31번길 20(용당1동 주민센터 옥상),,7.0,2020
목포,336111,20200731,전남 목포시 동부로 31번길 20(용당1동 주민센터 옥상),7.0,4.5,2020
목포,336112,20200701,전남 목포시 삼향천로 28(옥암동),14.0,5.0,2020
목포,336112,20200702,전남 목포시 삼향천로 28(옥암동),14.5,6.5,2020
목포,336112,20200703,전남 목포시 삼향천로 28(옥암동),11.5,5.0,2020
목포,336112,20200704,전남 목포시 삼향천로 28(옥암동),14.0,8.5,2020
목포,336112,20200705,전남 목포시 삼향천로 28(옥암동),14.0,6.5,2020
목포,336112,20200706,전남 목포시 삼향천로 28(옥암동),24.0,14.0,2020
목포,336112,20200707,전남 목포시 삼향천로 28(옥암동),7.0,3.0,2020
목포,336112,20200708,전남 목포시 삼향천로 28(옥암동),7.5,6.0,2020
목포,336112,20200709,전남 목포시 삼향천로 28(옥암동),30.0,14.5,2020
목포,336112,20200710,전남 목포시 삼향천로 28(옥암동),5.0,2.0,2020
목포,336112,20200711,전남 목포시 삼향천로 28(옥암동),9.5,2.0,2020
목포,336112,20200712,전남 목포시 삼향천로 28(옥암동),14.0,6.5,2020
목포,336112,20200713,전남 목포시 삼향천로 28(옥암동),24.5,16.0,2020
목포,336112,20200714,전남 목포시 삼향천로 28(옥암동),13.0,2.5,2020
목포,336112,20200715,전남 목포시 삼향천로 28(옥암동),,,2020
목포,336112,20200716,전남 목포시 삼향천로 28(옥암동),11.0,10.0,2020
목포,336112,20200717,전남 목포시 삼향천로 28(옥암동),21.0,13.0,2020
목포,336112,20200718,전남 목포시 삼향천로 28(옥암동),28.0,4.0,2020
목포,336112,20200719,전남 목포시 삼향천로 28(옥암동),21.0,9.0,2020
목포,336112,20200720,전남 목포시 삼향천로 28(옥암동),4.0,2.0,2020
목포,336112,20200721,전남 목포시 삼향천로 28(옥암동),8.0,2.5,2020
목포,336112,20200722,전남 목포시 삼향천로 28(옥암동),31.5,14.5,2020
목포,336112,20200723,전남 목포시 삼향천로 28(옥암동),12.5,3.0,2020
목포,336112,20200724,전남 목포시 삼향천로 28(옥암동),,3.0,2020
목포,336112,20200725,전남 목포시 삼향천로 28(옥암동),18.0,5.0,2020
목포,336112,20200726,전남 목포시 삼향천로 28(옥암동),22.0,3.5,2020
목포,336112,20200727,전남 목포시 삼향천로 28(옥암동),25.5,15.5,2020
목포,336112,20200728,전남 목포시 삼향천로 28(옥암동),23.0,9.0,2020
목포,336112,20200729,전남 목포시 삼향천로 28(옥암동),19.0,5.0,2020
목포,336112,20200730,전남 목포시 삼향천로 28(옥암동),12.5,2.5,2020
목포,336112,20200731,전남 목포시 삼향천로 28(옥암동),8.0,4.0,2020
목포,336111,20200801,전남 목포시 동부로 31번길 20(용당1동 주민센터 옥상),9.5,6.5,2020
목포,336111,20200802,전남 목포시 동부로 31번길 20(용당1동 주민센터 옥상),17.5,14.5,2020
목포,336111,20200803,전남 목포시 동부로 31번길 20(용당1동 주민센터 옥상),45.0,29.0,2020
목포,336111,20200804,전남 목포시 동부로 31번길 20(용당1동 주민센터 옥상),55.5,33.0,2020
목포,336111,20200805,전남 목포시 동부로 31번길 20(용당1동 주민센터 옥상),62.0,22.5,2020
목포,336111,20200806,전남 목포시 동부로 31번길 20(용당1동 주민센터 옥상),22.0,6.5,2020
목포,336111,20200807,전남 목포시 동부로 31번길 20(용당1동 주민센터 옥상),94.5,46.5,2020
목포,336111,20200808,전남 목포시 동부로 31번길 20(용당1동 주민센터 옥상),47.0,15.0,2020
목포,336111,20200809,전남 목포시 동부로 31번길 20(용당1동 주민센터 옥상),9.5,6.0,2020
목포,336111,20200810,전남 목포시 동부로 31번길 20(용당1동 주민센터 옥상),16.0,2.5,2020
목포,336111,20200811,전남 목포시 동부로 31번길 20(용당1동 주민센터 옥상),26.0,9.0,2020
목포,336111,20200812,전남 목포시 동부로 31번길 20(용당1동 주민센터 옥상),23.5,8.5,2020
목포,336111,20200813,전남 목포시 동부로 31번길 20(용당1동 주민센터 옥상),18.5,4.0,2020
목포,336111,20200814,전남 목포시 동부로 31번길 20(용당1동 주민센터 옥상),21.5,6.0,2020
목포,336111,20200815,전남 목포시 동부로 31번길 20(용당1동 주민센터 옥상),7.5,3.5,2020
목포,336111,20200816,전남 목포시 동부로 31번길 20(용당1동 주민센터 옥상),19.0,11.0,2020
목포,336111,20200817,전남 목포시 동부로 31번길 20(용당1동 주민센터 옥상),20.0,11.0,2020
목포,336111,20200818,전남 목포시 동부로 31번길 20(용당1동 주민센터 옥상),35.0,19.0,2020
목포,336111,20200819,전남 목포시 동부로 31번길 20(용당1동 주민센터 옥상),51.5,27.5,2020
목포,336111,20200820,전남 목포시 동부로 31번길 20(용당1동 주민센터 옥상),30.0,17.5,2020
목포,336111,20200821,전남 목포시 동부로 31번길 20(용당1동 주민센터 옥상),43.0,23.0,2020
목포,336111,20200822,전남 목포시 동부로 31번길 20(용당1동 주민센터 옥상),29.5,24.0,2020
목포,336111,20200823,전남 목포시 동부로 31번길 20(용당1동 주민센터 옥상),26.5,21.0,2020
목포,336111,20200824,전남 목포시 동부로 31번길 20(용당1동 주민센터 옥상),31.5,20.0,2020
목포,336111,20200825,전남 목포시 동부로 31번길 20(용당1동 주민센터 옥상),41.0,25.0,2020
목포,336111,20200826,전남 목포시 동부로 31번길 20(용당1동 주민센터 옥상),,,2020
목포,336111,20200827,전남 목포시 동부로 31번길 20(용당1동 주민센터 옥상),,,2020
목포,336111,20200828,전남 목포시 동부로 31번길 20(용당1동 주민센터 옥상),12.0,9.0,2020
목포,336111,20200829,전남 목포시 동부로 31번길 20(용당1동 주민센터 옥상),11.0,5.0,2020
목포,336111,20200830,전남 목포시 동부로 31번길 20(용당1동 주민센터 옥상),17.5,6.5,2020
목포,336111,20200831,전남 목포시 동부로 31번길 20(용당1동 주민센터 옥상),24.5,12.0,2020
목포,336112,20200801,전남 목포시 삼향천로 28(옥암동),9.0,3.5,2020
목포,336112,20200802,전남 목포시 삼향천로 28(옥암동),18.0,8.0,2020
목포,336112,20200803,전남 목포시 삼향천로 28(옥암동),40.5,20.0,2020
목포,336112,20200804,전남 목포시 삼향천로 28(옥암동),,,2020
목포,336112,20200805,전남 목포시 삼향천로 28(옥암동),30.0,19.0,2020
목포,336112,20200806,전남 목포시 삼향천로 28(옥암동),16.5,4.5,2020
목포,336112,20200807,전남 목포시 삼향천로 28(옥암동),119.0,75.0,2020
목포,336112,20200808,전남 목포시 삼향천로 28(옥암동),33.0,17.0,2020
목포,336112,20200809,전남 목포시 삼향천로 28(옥암동),7.5,2.0,2020
목포,336112,20200810,전남 목포시 삼향천로 28(옥암동),12.0,7.5,2020
목포,336112,20200811,전남 목포시 삼향천로 28(옥암동),19.0,6.0,2020
목포,336112,20200812,전남 목포시 삼향천로 28(옥암동),19.0,4.0,2020
목포,336112,20200813,전남 목포시 삼향천로 28(옥암동),22.0,6.0,2020
목포,336112,20200814,전남 목포시 삼향천로 28(옥암동),32.5,10.0,2020
목포,336112,20200815,전남 목포시 삼향천로 28(옥암동),12.0,3.0,2020
목포,336112,20200816,전남 목포시 삼향천로 28(옥암동),16.0,8.0,2020
목포,336112,20200817,전남 목포시 삼향천로 28(옥암동),24.5,5.5,2020
목포,336112,20200818,전남 목포시 삼향천로 28(옥암동),29.5,15.5,2020
목포,336112,20200819,전남 목포시 삼향천로 28(옥암동),43.5,22.5,2020
목포,336112,20200820,전남 목포시 삼향천로 28(옥암동),26.5,12.5,2020
목포,336112,20200821,전남 목포시 삼향천로 28(옥암동),35.5,20.5,2020
목포,336112,20200822,전남 목포시 삼향천로 28(옥암동),28.0,18.5,2020
목포,336112,20200823,전남 목포시 삼향천로 28(옥암동),27.0,18.5,2020
목포,336112,20200824,전남 목포시 삼향천로 28(옥암동),21.0,15.5,2020
목포,336112,20200825,전남 목포시 삼향천로 28(옥암동),32.5,21.5,2020
목포,336112,20200826,전남 목포시 삼향천로 28(옥암동),,,2020
목포,336112,20200827,전남 목포시 삼향천로 28(옥암동),,,2020
목포,336112,20200828,전남 목포시 삼향천로 28(옥암동),13.0,3.5,2020
목포,336112,20200829,전남 목포시 삼향천로 28(옥암동),8.0,4.5,2020
목포,336112,20200830,전남 목포시 삼향천로 28(옥암동),20.0,4.0,2020
목포,336112,20200831,전남 목포시 삼향천로 28(옥암동),20.0,12.0,2020
목포,336111,20200901,전남 목포시 동부로 31번길 20(용당1동 주민센터 옥상),9.0,5.0,2020
목포,336111,20200902,전남 목포시 동부로 31번길 20(용당1동 주민센터 옥상),13.0,6.0,2020
목포,336111,20200903,전남 목포시 동부로 31번길 20(용당1동 주민센터 옥상),25.5,5.5,2020
목포,336111,20200904,전남 목포시 동부로 31번길 20(용당1동 주민센터 옥상),51.0,22.0,2020
목포,336111,20200905,전남 목포시 동부로 31번길 20(용당1동 주민센터 옥상),51.5,27.5,2020
목포,336111,20200906,전남 목포시 동부로 31번길 20(용당1동 주민센터 옥상),28.0,17.5,2020
목포,336111,20200907,전남 목포시 동부로 31번길 20(용당1동 주민센터 옥상),10.0,2.5,2020
목포,336111,20200908,전남 목포시 동부로 31번길 20(용당1동 주민센터 옥상),46.0,37.5,2020
목포,336111,20200909,전남 목포시 동부로 31번길 20(용당1동 주민센터 옥상),20.5,8.0,2020
목포,336111,20200910,전남 목포시 동부로 31번길 20(용당1동 주민센터 옥상),31.0,14.0,2020
목포,336111,20200911,전남 목포시 동부로 31번길 20(용당1동 주민센터 옥상),37.5,23.0,2020
목포,336111,20200912,전남 목포시 동부로 31번길 20(용당1동 주민센터 옥상),,,2020
목포,336111,20200913,전남 목포시 동부로 31번길 20(용당1동 주민센터 옥상),,,2020
목포,336111,20200914,전남 목포시 동부로 31번길 20(용당1동 주민센터 옥상),,,2020
목포,336111,20200915,전남 목포시 동부로 31번길 20(용당1동 주민센터 옥상),23.0,11.0,2020
목포,336111,20200916,전남 목포시 동부로 31번길 20(용당1동 주민센터 옥상),,6.5,2020
목포,336111,20200917,전남 목포시 동부로 31번길 20(용당1동 주민센터 옥상),11.5,5.5,2020
목포,336111,20200918,전남 목포시 동부로 31번길 20(용당1동 주민센터 옥상),15.0,9.0,2020
목포,336111,20200919,전남 목포시 동부로 31번길 20(용당1동 주민센터 옥상),29.0,9.5,2020
목포,336111,20200920,전남 목포시 동부로 31번길 20(용당1동 주민센터 옥상),26.5,13.5,2020
목포,336111,20200921,전남 목포시 동부로 31번길 20(용당1동 주민센터 옥상),21.5,13.5,2020
목포,336111,20200922,전남 목포시 동부로 31번길 20(용당1동 주민센터 옥상),24.5,11.0,2020
목포,336111,20200923,전남 목포시 동부로 31번길 20(용당1동 주민센터 옥상),19.5,7.5,2020
목포,336111,20200924,전남 목포시 동부로 31번길 20(용당1동 주민센터 옥상),15.5,4.0,2020
목포,336111,20200925,전남 목포시 동부로 31번길 20(용당1동 주민센터 옥상),17.0,8.0,2020
목포,336111,20200926,전남 목포시 동부로 31번길 20(용당1동 주민센터 옥상),34.5,13.0,2020
목포,336111,20200927,전남 목포시 동부로 31번길 20(용당1동 주민센터 옥상),11.5,10.0,2020
목포,336111,20200928,전남 목포시 동부로 31번길 20(용당1동 주민센터 옥상),19.5,9.5,2020
목포,336111,20200929,전남 목포시 동부로 31번길 20(용당1동 주민센터 옥상),34.5,16.5,2020
목포,336111,20200930,전남 목포시 동부로 31번길 20(용당1동 주민센터 옥상),34.5,17.0,2020
목포,336112,20200901,전남 목포시 삼향천로 28(옥암동),5.5,4.0,2020
목포,336112,20200902,전남 목포시 삼향천로 28(옥암동),16.5,3.0,2020
목포,336112,20200903,전남 목포시 삼향천로 28(옥암동),33.0,9.0,2020
목포,336112,20200904,전남 목포시 삼향천로 28(옥암동),50.0,21.5,2020
목포,336112,20200905,전남 목포시 삼향천로 28(옥암동),34.5,29.0,2020
목포,336112,20200906,전남 목포시 삼향천로 28(옥암동),34.5,16.5,2020
목포,336112,20200907,전남 목포시 삼향천로 28(옥암동),11.5,2.0,2020
목포,336112,20200908,전남 목포시 삼향천로 28(옥암동),37.0,20.0,2020
목포,336112,20200909,전남 목포시 삼향천로 28(옥암동),25.0,14.0,2020
목포,336112,20200910,전남 목포시 삼향천로 28(옥암동),20.5,10.0,2020
목포,336112,20200911,전남 목포시 삼향천로 28(옥암동),36.0,18.5,2020
목포,336112,20200912,전남 목포시 삼향천로 28(옥암동),12.5,3.5,2020
목포,336112,20200913,전남 목포시 삼향천로 28(옥암동),20.0,5.0,2020
목포,336112,20200914,전남 목포시 삼향천로 28(옥암동),10.0,6.0,2020
목포,336112,20200915,전남 목포시 삼향천로 28(옥암동),37.0,14.5,2020
목포,336112,20200916,전남 목포시 삼향천로 28(옥암동),11.0,2.5,2020
목포,336112,20200917,전남 목포시 삼향천로 28(옥암동),15.0,2.0,2020
목포,336112,20200918,전남 목포시 삼향천로 28(옥암동),22.5,10.0,2020
목포,336112,20200919,전남 목포시 삼향천로 28(옥암동),34.0,14.0,2020
목포,336112,20200920,전남 목포시 삼향천로 28(옥암동),27.5,13.5,2020
목포,336112,20200921,전남 목포시 삼향천로 28(옥암동),21.0,9.0,2020
목포,336112,20200922,전남 목포시 삼향천로 28(옥암동),25.5,9.0,2020
목포,336112,20200923,전남 목포시 삼향천로 28(옥암동),18.0,6.0,2020
목포,336112,20200924,전남 목포시 삼향천로 28(옥암동),25.5,6.5,2020
목포,336112,20200925,전남 목포시 삼향천로 28(옥암동),26.5,6.0,2020
목포,336112,20200926,전남 목포시 삼향천로 28(옥암동),20.0,10.0,2020
목포,336112,20200927,전남 목포시 삼향천로 28(옥암동),17.0,5.0,2020
목포,336112,20200928,전남 목포시 삼향천로 28(옥암동),27.5,8.5,2020
목포,336112,20200929,전남 목포시 삼향천로 28(옥암동),34.0,12.5,2020
목포,336112,20200930,전남 목포시 삼향천로 28(옥암동),29.0,16.5,2020
