﻿지점명,측정소코드,측정일시_날짜,주소,PM10,PM25,측정일시_년도
강릉,632131,20221001,강원특별자치도 강릉시 주문진읍 항구로 19,24.0,7.0,2022
강릉,632131,20221002,강원특별자치도 강릉시 주문진읍 항구로 19,17.5,6.0,2022
강릉,632131,20221003,강원특별자치도 강릉시 주문진읍 항구로 19,9.5,5.0,2022
강릉,632131,20221004,강원특별자치도 강릉시 주문진읍 항구로 19,16.0,3.5,2022
강릉,632131,20221005,강원특별자치도 강릉시 주문진읍 항구로 19,14.0,4.5,2022
강릉,632131,20221006,강원특별자치도 강릉시 주문진읍 항구로 19,13.0,6.5,2022
강릉,632131,20221007,강원특별자치도 강릉시 주문진읍 항구로 19,17.0,6.5,2022
강릉,632131,20221008,강원특별자치도 강릉시 주문진읍 항구로 19,17.0,8.0,2022
강릉,632131,20221009,강원특별자치도 강릉시 주문진읍 항구로 19,18.5,5.5,2022
강릉,632131,20221010,강원특별자치도 강릉시 주문진읍 항구로 19,18.5,7.0,2022
강릉,632131,20221011,강원특별자치도 강릉시 주문진읍 항구로 19,11.5,7.5,2022
강릉,632131,20221012,강원특별자치도 강릉시 주문진읍 항구로 19,26.5,11.5,2022
강릉,632131,20221013,강원특별자치도 강릉시 주문진읍 항구로 19,24.0,8.5,2022
강릉,632131,20221014,강원특별자치도 강릉시 주문진읍 항구로 19,27.0,11.5,2022
강릉,632131,20221015,강원특별자치도 강릉시 주문진읍 항구로 19,16.5,7.5,2022
강릉,632131,20221016,강원특별자치도 강릉시 주문진읍 항구로 19,23.0,8.5,2022
강릉,632131,20221017,강원특별자치도 강릉시 주문진읍 항구로 19,49.5,20.5,2022
강릉,632131,20221018,강원특별자치도 강릉시 주문진읍 항구로 19,27.5,9.0,2022
강릉,632131,20221019,강원특별자치도 강릉시 주문진읍 항구로 19,32.5,10.0,2022
강릉,632131,20221020,강원특별자치도 강릉시 주문진읍 항구로 19,32.0,12.5,2022
강릉,632131,20221021,강원특별자치도 강릉시 주문진읍 항구로 19,32.0,12.5,2022
강릉,632131,20221022,강원특별자치도 강릉시 주문진읍 항구로 19,35.5,12.5,2022
강릉,632131,20221023,강원특별자치도 강릉시 주문진읍 항구로 19,28.5,9.5,2022
강릉,632131,20221024,강원특별자치도 강릉시 주문진읍 항구로 19,14.5,9.0,2022
강릉,632131,20221025,강원특별자치도 강릉시 주문진읍 항구로 19,23.5,9.0,2022
강릉,632131,20221026,강원특별자치도 강릉시 주문진읍 항구로 19,25.5,7.5,2022
강릉,632131,20221027,강원특별자치도 강릉시 주문진읍 항구로 19,53.0,21.0,2022
강릉,632131,20221028,강원특별자치도 강릉시 주문진읍 항구로 19,23.0,13.0,2022
강릉,632131,20221029,강원특별자치도 강릉시 주문진읍 항구로 19,20.0,10.5,2022
강릉,632131,20221030,강원특별자치도 강릉시 주문진읍 항구로 19,22.0,9.0,2022
강릉,632131,20221031,강원특별자치도 강릉시 주문진읍 항구로 19,23.0,7.5,2022
강릉,632132,20221001,강원특별자치도 강릉시 경강로 2179(옥천동 327-2),14.0,5.5,2022
강릉,632132,20221002,강원특별자치도 강릉시 경강로 2179(옥천동 327-2),16.5,8.0,2022
강릉,632132,20221003,강원특별자치도 강릉시 경강로 2179(옥천동 327-2),15.5,9.0,2022
강릉,632132,20221004,강원특별자치도 강릉시 경강로 2179(옥천동 327-2),9.0,2.5,2022
강릉,632132,20221005,강원특별자치도 강릉시 경강로 2179(옥천동 327-2),10.0,3.0,2022
강릉,632132,20221006,강원특별자치도 강릉시 경강로 2179(옥천동 327-2),14.0,7.0,2022
강릉,632132,20221007,강원특별자치도 강릉시 경강로 2179(옥천동 327-2),16.0,5.0,2022
강릉,632132,20221008,강원특별자치도 강릉시 경강로 2179(옥천동 327-2),17.5,10.0,2022
강릉,632132,20221009,강원특별자치도 강릉시 경강로 2179(옥천동 327-2),15.5,7.5,2022
강릉,632132,20221010,강원특별자치도 강릉시 경강로 2179(옥천동 327-2),19.0,11.5,2022
강릉,632132,20221011,강원특별자치도 강릉시 경강로 2179(옥천동 327-2),16.0,12.0,2022
강릉,632132,20221012,강원특별자치도 강릉시 경강로 2179(옥천동 327-2),21.0,14.0,2022
강릉,632132,20221013,강원특별자치도 강릉시 경강로 2179(옥천동 327-2),14.5,11.5,2022
강릉,632132,20221014,강원특별자치도 강릉시 경강로 2179(옥천동 327-2),,,2022
강릉,632132,20221015,강원특별자치도 강릉시 경강로 2179(옥천동 327-2),21.0,15.5,2022
강릉,632132,20221016,강원특별자치도 강릉시 경강로 2179(옥천동 327-2),23.0,16.0,2022
강릉,632132,20221017,강원특별자치도 강릉시 경강로 2179(옥천동 327-2),51.0,39.0,2022
강릉,632132,20221018,강원특별자치도 강릉시 경강로 2179(옥천동 327-2),24.0,14.0,2022
강릉,632132,20221019,강원특별자치도 강릉시 경강로 2179(옥천동 327-2),22.5,13.0,2022
강릉,632132,20221020,강원특별자치도 강릉시 경강로 2179(옥천동 327-2),24.0,14.5,2022
강릉,632132,20221021,강원특별자치도 강릉시 경강로 2179(옥천동 327-2),23.0,17.0,2022
강릉,632132,20221022,강원특별자치도 강릉시 경강로 2179(옥천동 327-2),18.5,17.5,2022
강릉,632132,20221023,강원특별자치도 강릉시 경강로 2179(옥천동 327-2),19.0,18.5,2022
강릉,632132,20221024,강원특별자치도 강릉시 경강로 2179(옥천동 327-2),14.0,12.5,2022
강릉,632132,20221025,강원특별자치도 강릉시 경강로 2179(옥천동 327-2),15.5,16.5,2022
강릉,632132,20221026,강원특별자치도 강릉시 경강로 2179(옥천동 327-2),17.0,17.5,2022
강릉,632132,20221027,강원특별자치도 강릉시 경강로 2179(옥천동 327-2),32.0,19.0,2022
강릉,632132,20221028,강원특별자치도 강릉시 경강로 2179(옥천동 327-2),20.0,13.0,2022
강릉,632132,20221029,강원특별자치도 강릉시 경강로 2179(옥천동 327-2),24.0,12.0,2022
강릉,632132,20221030,강원특별자치도 강릉시 경강로 2179(옥천동 327-2),21.5,15.0,2022
강릉,632132,20221031,강원특별자치도 강릉시 경강로 2179(옥천동 327-2),24.0,10.0,2022
강릉,632131,20221101,강원특별자치도 강릉시 주문진읍 항구로 19,44.0,19.0,2022
강릉,632131,20221102,강원특별자치도 강릉시 주문진읍 항구로 19,37.5,14.5,2022
강릉,632131,20221103,강원특별자치도 강릉시 주문진읍 항구로 19,64.0,26.0,2022
강릉,632131,20221104,강원특별자치도 강릉시 주문진읍 항구로 19,22.0,12.0,2022
강릉,632131,20221105,강원특별자치도 강릉시 주문진읍 항구로 19,24.5,12.5,2022
강릉,632131,20221106,강원특별자치도 강릉시 주문진읍 항구로 19,43.5,19.5,2022
강릉,632131,20221107,강원특별자치도 강릉시 주문진읍 항구로 19,30.5,14.0,2022
강릉,632131,20221108,강원특별자치도 강릉시 주문진읍 항구로 19,46.0,24.5,2022
강릉,632131,20221109,강원특별자치도 강릉시 주문진읍 항구로 19,37.0,18.5,2022
강릉,632131,20221110,강원특별자치도 강릉시 주문진읍 항구로 19,67.0,37.0,2022
강릉,632131,20221111,강원특별자치도 강릉시 주문진읍 항구로 19,43.5,25.5,2022
강릉,632131,20221112,강원특별자치도 강릉시 주문진읍 항구로 19,45.5,25.0,2022
강릉,632131,20221113,강원특별자치도 강릉시 주문진읍 항구로 19,23.0,12.0,2022
강릉,632131,20221114,강원특별자치도 강릉시 주문진읍 항구로 19,24.0,13.5,2022
강릉,632131,20221115,강원특별자치도 강릉시 주문진읍 항구로 19,40.0,13.0,2022
강릉,632131,20221116,강원특별자치도 강릉시 주문진읍 항구로 19,37.0,16.5,2022
강릉,632131,20221117,강원특별자치도 강릉시 주문진읍 항구로 19,57.5,25.5,2022
강릉,632131,20221118,강원특별자치도 강릉시 주문진읍 항구로 19,36.0,16.5,2022
강릉,632131,20221119,강원특별자치도 강릉시 주문진읍 항구로 19,40.0,20.0,2022
강릉,632131,20221120,강원특별자치도 강릉시 주문진읍 항구로 19,47.0,24.5,2022
강릉,632131,20221121,강원특별자치도 강릉시 주문진읍 항구로 19,35.0,13.0,2022
강릉,632131,20221122,강원특별자치도 강릉시 주문진읍 항구로 19,49.5,23.5,2022
강릉,632131,20221123,강원특별자치도 강릉시 주문진읍 항구로 19,18.5,9.0,2022
강릉,632131,20221124,강원특별자치도 강릉시 주문진읍 항구로 19,28.5,15.0,2022
강릉,632131,20221125,강원특별자치도 강릉시 주문진읍 항구로 19,64.0,25.0,2022
강릉,632131,20221126,강원특별자치도 강릉시 주문진읍 항구로 19,63.5,20.5,2022
강릉,632131,20221127,강원특별자치도 강릉시 주문진읍 항구로 19,36.0,12.5,2022
강릉,632131,20221128,강원특별자치도 강릉시 주문진읍 항구로 19,30.5,11.5,2022
강릉,632131,20221129,강원특별자치도 강릉시 주문진읍 항구로 19,16.0,11.5,2022
강릉,632131,20221130,강원특별자치도 강릉시 주문진읍 항구로 19,20.5,8.0,2022
강릉,632132,20221101,강원특별자치도 강릉시 경강로 2179(옥천동 327-2),39.5,16.5,2022
강릉,632132,20221102,강원특별자치도 강릉시 경강로 2179(옥천동 327-2),39.0,29.0,2022
강릉,632132,20221103,강원특별자치도 강릉시 경강로 2179(옥천동 327-2),55.0,32.0,2022
강릉,632132,20221104,강원특별자치도 강릉시 경강로 2179(옥천동 327-2),25.0,16.0,2022
강릉,632132,20221105,강원특별자치도 강릉시 경강로 2179(옥천동 327-2),23.0,17.0,2022
강릉,632132,20221106,강원특별자치도 강릉시 경강로 2179(옥천동 327-2),28.5,18.5,2022
강릉,632132,20221107,강원특별자치도 강릉시 경강로 2179(옥천동 327-2),24.5,17.0,2022
강릉,632132,20221108,강원특별자치도 강릉시 경강로 2179(옥천동 327-2),47.0,31.0,2022
강릉,632132,20221109,강원특별자치도 강릉시 경강로 2179(옥천동 327-2),32.5,22.0,2022
강릉,632132,20221110,강원특별자치도 강릉시 경강로 2179(옥천동 327-2),,,2022
강릉,632132,20221111,강원특별자치도 강릉시 경강로 2179(옥천동 327-2),42.5,35.0,2022
강릉,632132,20221112,강원특별자치도 강릉시 경강로 2179(옥천동 327-2),51.0,31.0,2022
강릉,632132,20221113,강원특별자치도 강릉시 경강로 2179(옥천동 327-2),20.5,10.5,2022
강릉,632132,20221114,강원특별자치도 강릉시 경강로 2179(옥천동 327-2),37.0,21.0,2022
강릉,632132,20221115,강원특별자치도 강릉시 경강로 2179(옥천동 327-2),30.5,17.5,2022
강릉,632132,20221116,강원특별자치도 강릉시 경강로 2179(옥천동 327-2),38.5,29.0,2022
강릉,632132,20221117,강원특별자치도 강릉시 경강로 2179(옥천동 327-2),36.5,23.0,2022
강릉,632132,20221118,강원특별자치도 강릉시 경강로 2179(옥천동 327-2),41.5,23.5,2022
강릉,632132,20221119,강원특별자치도 강릉시 경강로 2179(옥천동 327-2),36.5,23.0,2022
강릉,632132,20221120,강원특별자치도 강릉시 경강로 2179(옥천동 327-2),30.0,19.5,2022
강릉,632132,20221121,강원특별자치도 강릉시 경강로 2179(옥천동 327-2),23.5,16.5,2022
강릉,632132,20221122,강원특별자치도 강릉시 경강로 2179(옥천동 327-2),38.5,29.0,2022
강릉,632132,20221123,강원특별자치도 강릉시 경강로 2179(옥천동 327-2),14.5,11.5,2022
강릉,632132,20221124,강원특별자치도 강릉시 경강로 2179(옥천동 327-2),,,2022
강릉,632132,20221125,강원특별자치도 강릉시 경강로 2179(옥천동 327-2),43.5,25.5,2022
강릉,632132,20221126,강원특별자치도 강릉시 경강로 2179(옥천동 327-2),55.5,24.5,2022
강릉,632132,20221127,강원특별자치도 강릉시 경강로 2179(옥천동 327-2),29.0,12.5,2022
강릉,632132,20221128,강원특별자치도 강릉시 경강로 2179(옥천동 327-2),46.5,23.0,2022
강릉,632132,20221129,강원특별자치도 강릉시 경강로 2179(옥천동 327-2),16.0,12.0,2022
강릉,632132,20221130,강원특별자치도 강릉시 경강로 2179(옥천동 327-2),18.5,14.0,2022
강릉,632131,20221201,강원특별자치도 강릉시 주문진읍 항구로 19,20.5,9.5,2022
강릉,632131,20221202,강원특별자치도 강릉시 주문진읍 항구로 19,22.0,10.0,2022
강릉,632131,20221203,강원특별자치도 강릉시 주문진읍 항구로 19,35.0,18.0,2022
강릉,632131,20221204,강원특별자치도 강릉시 주문진읍 항구로 19,,,2022
강릉,632131,20221205,강원특별자치도 강릉시 주문진읍 항구로 19,33.0,17.0,2022
강릉,632131,20221206,강원특별자치도 강릉시 주문진읍 항구로 19,47.0,20.0,2022
강릉,632131,20221207,강원특별자치도 강릉시 주문진읍 항구로 19,49.0,19.0,2022
강릉,632131,20221208,강원특별자치도 강릉시 주문진읍 항구로 19,35.5,11.5,2022
강릉,632131,20221209,강원특별자치도 강릉시 주문진읍 항구로 19,58.0,24.0,2022
강릉,632131,20221210,강원특별자치도 강릉시 주문진읍 항구로 19,27.5,14.0,2022
강릉,632131,20221211,강원특별자치도 강릉시 주문진읍 항구로 19,33.0,18.0,2022
강릉,632131,20221212,강원특별자치도 강릉시 주문진읍 항구로 19,31.5,20.5,2022
강릉,632131,20221213,강원특별자치도 강릉시 주문진읍 항구로 19,229.0,45.0,2022
강릉,632131,20221214,강원특별자치도 강릉시 주문진읍 항구로 19,33.0,10.0,2022
강릉,632131,20221215,강원특별자치도 강릉시 주문진읍 항구로 19,37.0,13.5,2022
강릉,632131,20221216,강원특별자치도 강릉시 주문진읍 항구로 19,23.5,11.0,2022
강릉,632131,20221217,강원특별자치도 강릉시 주문진읍 항구로 19,27.0,11.5,2022
강릉,632131,20221218,강원특별자치도 강릉시 주문진읍 항구로 19,28.5,8.5,2022
강릉,632131,20221219,강원특별자치도 강릉시 주문진읍 항구로 19,13.5,10.0,2022
강릉,632131,20221220,강원특별자치도 강릉시 주문진읍 항구로 19,,,2022
강릉,632131,20221221,강원특별자치도 강릉시 주문진읍 항구로 19,59.5,29.0,2022
강릉,632131,20221222,강원특별자치도 강릉시 주문진읍 항구로 19,24.5,7.0,2022
강릉,632131,20221223,강원특별자치도 강릉시 주문진읍 항구로 19,18.0,6.5,2022
강릉,632131,20221224,강원특별자치도 강릉시 주문진읍 항구로 19,10.5,3.5,2022
강릉,632131,20221225,강원특별자치도 강릉시 주문진읍 항구로 19,16.0,7.5,2022
강릉,632131,20221226,강원특별자치도 강릉시 주문진읍 항구로 19,24.0,12.0,2022
강릉,632131,20221227,강원특별자치도 강릉시 주문진읍 항구로 19,27.0,12.5,2022
강릉,632131,20221228,강원특별자치도 강릉시 주문진읍 항구로 19,35.0,14.0,2022
강릉,632131,20221229,강원특별자치도 강릉시 주문진읍 항구로 19,22.0,7.0,2022
강릉,632131,20221230,강원특별자치도 강릉시 주문진읍 항구로 19,16.0,8.0,2022
강릉,632131,20221231,강원특별자치도 강릉시 주문진읍 항구로 19,21.0,5.5,2022
강릉,632132,20221201,강원특별자치도 강릉시 경강로 2179(옥천동 327-2),20.5,16.0,2022
강릉,632132,20221202,강원특별자치도 강릉시 경강로 2179(옥천동 327-2),19.5,12.0,2022
강릉,632132,20221203,강원특별자치도 강릉시 경강로 2179(옥천동 327-2),18.5,15.5,2022
강릉,632132,20221204,강원특별자치도 강릉시 경강로 2179(옥천동 327-2),19.5,18.5,2022
강릉,632132,20221205,강원특별자치도 강릉시 경강로 2179(옥천동 327-2),14.5,11.0,2022
강릉,632132,20221206,강원특별자치도 강릉시 경강로 2179(옥천동 327-2),33.0,20.5,2022
강릉,632132,20221207,강원특별자치도 강릉시 경강로 2179(옥천동 327-2),38.0,18.5,2022
강릉,632132,20221208,강원특별자치도 강릉시 경강로 2179(옥천동 327-2),23.0,13.0,2022
강릉,632132,20221209,강원특별자치도 강릉시 경강로 2179(옥천동 327-2),41.5,25.5,2022
강릉,632132,20221210,강원특별자치도 강릉시 경강로 2179(옥천동 327-2),33.0,25.5,2022
강릉,632132,20221211,강원특별자치도 강릉시 경강로 2179(옥천동 327-2),24.5,18.0,2022
강릉,632132,20221212,강원특별자치도 강릉시 경강로 2179(옥천동 327-2),32.0,15.5,2022
강릉,632132,20221213,강원특별자치도 강릉시 경강로 2179(옥천동 327-2),174.5,51.5,2022
강릉,632132,20221214,강원특별자치도 강릉시 경강로 2179(옥천동 327-2),27.0,15.5,2022
강릉,632132,20221215,강원특별자치도 강릉시 경강로 2179(옥천동 327-2),24.0,14.5,2022
강릉,632132,20221216,강원특별자치도 강릉시 경강로 2179(옥천동 327-2),22.0,14.5,2022
강릉,632132,20221217,강원특별자치도 강릉시 경강로 2179(옥천동 327-2),21.5,18.0,2022
강릉,632132,20221218,강원특별자치도 강릉시 경강로 2179(옥천동 327-2),17.0,12.0,2022
강릉,632132,20221219,강원특별자치도 강릉시 경강로 2179(옥천동 327-2),21.0,16.5,2022
강릉,632132,20221220,강원특별자치도 강릉시 경강로 2179(옥천동 327-2),13.0,9.5,2022
강릉,632132,20221221,강원특별자치도 강릉시 경강로 2179(옥천동 327-2),26.5,14.5,2022
강릉,632132,20221222,강원특별자치도 강릉시 경강로 2179(옥천동 327-2),40.5,18.5,2022
강릉,632132,20221223,강원특별자치도 강릉시 경강로 2179(옥천동 327-2),30.5,23.0,2022
강릉,632132,20221224,강원특별자치도 강릉시 경강로 2179(옥천동 327-2),23.5,15.5,2022
강릉,632132,20221225,강원특별자치도 강릉시 경강로 2179(옥천동 327-2),23.0,20.0,2022
강릉,632132,20221226,강원특별자치도 강릉시 경강로 2179(옥천동 327-2),46.0,43.0,2022
강릉,632132,20221227,강원특별자치도 강릉시 경강로 2179(옥천동 327-2),40.5,34.0,2022
강릉,632132,20221228,강원특별자치도 강릉시 경강로 2179(옥천동 327-2),41.0,33.5,2022
강릉,632132,20221229,강원특별자치도 강릉시 경강로 2179(옥천동 327-2),26.5,17.0,2022
강릉,632132,20221230,강원특별자치도 강릉시 경강로 2179(옥천동 327-2),28.5,21.0,2022
강릉,632132,20221231,강원특별자치도 강릉시 경강로 2179(옥천동 327-2),21.0,18.0,2022
강릉,632132,20220101,강원특별자치도 강릉시 경강로 2179(옥천동 327-2),20.5,6.5,2022
강릉,632132,20220102,강원특별자치도 강릉시 경강로 2179(옥천동 327-2),25.0,17.0,2022
강릉,632132,20220103,강원특별자치도 강릉시 경강로 2179(옥천동 327-2),19.0,9.5,2022
강릉,632132,20220104,강원특별자치도 강릉시 경강로 2179(옥천동 327-2),26.5,11.0,2022
강릉,632132,20220105,강원특별자치도 강릉시 경강로 2179(옥천동 327-2),26.0,13.0,2022
강릉,632132,20220106,강원특별자치도 강릉시 경강로 2179(옥천동 327-2),31.5,17.5,2022
강릉,632132,20220107,강원특별자치도 강릉시 경강로 2179(옥천동 327-2),29.0,17.0,2022
강릉,632132,20220108,강원특별자치도 강릉시 경강로 2179(옥천동 327-2),20.0,8.0,2022
강릉,632132,20220109,강원특별자치도 강릉시 경강로 2179(옥천동 327-2),77.5,50.5,2022
강릉,632132,20220110,강원특별자치도 강릉시 경강로 2179(옥천동 327-2),79.5,48.5,2022
강릉,632132,20220111,강원특별자치도 강릉시 경강로 2179(옥천동 327-2),34.0,19.5,2022
강릉,632132,20220112,강원특별자치도 강릉시 경강로 2179(옥천동 327-2),,,2022
강릉,632132,20220113,강원특별자치도 강릉시 경강로 2179(옥천동 327-2),,,2022
강릉,632132,20220114,강원특별자치도 강릉시 경강로 2179(옥천동 327-2),18.0,6.0,2022
강릉,632132,20220115,강원특별자치도 강릉시 경강로 2179(옥천동 327-2),15.0,7.0,2022
강릉,632132,20220116,강원특별자치도 강릉시 경강로 2179(옥천동 327-2),64.0,32.5,2022
강릉,632132,20220117,강원특별자치도 강릉시 경강로 2179(옥천동 327-2),11.5,4.5,2022
강릉,632132,20220118,강원특별자치도 강릉시 경강로 2179(옥천동 327-2),25.0,11.0,2022
강릉,632132,20220119,강원특별자치도 강릉시 경강로 2179(옥천동 327-2),36.0,14.0,2022
강릉,632132,20220120,강원특별자치도 강릉시 경강로 2179(옥천동 327-2),13.0,2.0,2022
강릉,632132,20220121,강원특별자치도 강릉시 경강로 2179(옥천동 327-2),14.5,9.0,2022
강릉,632132,20220122,강원특별자치도 강릉시 경강로 2179(옥천동 327-2),25.0,14.5,2022
강릉,632132,20220123,강원특별자치도 강릉시 경강로 2179(옥천동 327-2),22.0,13.5,2022
강릉,632132,20220124,강원특별자치도 강릉시 경강로 2179(옥천동 327-2),23.5,12.0,2022
강릉,632132,20220125,강원특별자치도 강릉시 경강로 2179(옥천동 327-2),21.5,7.5,2022
강릉,632132,20220126,강원특별자치도 강릉시 경강로 2179(옥천동 327-2),54.0,28.0,2022
강릉,632132,20220127,강원특별자치도 강릉시 경강로 2179(옥천동 327-2),56.0,28.0,2022
강릉,632132,20220128,강원특별자치도 강릉시 경강로 2179(옥천동 327-2),47.0,21.5,2022
강릉,632132,20220129,강원특별자치도 강릉시 경강로 2179(옥천동 327-2),21.0,11.0,2022
강릉,632132,20220130,강원특별자치도 강릉시 경강로 2179(옥천동 327-2),24.5,11.0,2022
강릉,632132,20220131,강원특별자치도 강릉시 경강로 2179(옥천동 327-2),19.0,11.5,2022
강릉,632132,20220201,강원특별자치도 강릉시 경강로 2179(옥천동 327-2),19.5,11.0,2022
강릉,632132,20220202,강원특별자치도 강릉시 경강로 2179(옥천동 327-2),27.0,20.0,2022
강릉,632132,20220203,강원특별자치도 강릉시 경강로 2179(옥천동 327-2),15.0,8.5,2022
강릉,632132,20220204,강원특별자치도 강릉시 경강로 2179(옥천동 327-2),15.5,11.5,2022
강릉,632132,20220205,강원특별자치도 강릉시 경강로 2179(옥천동 327-2),20.5,11.0,2022
강릉,632132,20220206,강원특별자치도 강릉시 경강로 2179(옥천동 327-2),25.0,8.0,2022
강릉,632132,20220207,강원특별자치도 강릉시 경강로 2179(옥천동 327-2),18.5,10.0,2022
강릉,632132,20220208,강원특별자치도 강릉시 경강로 2179(옥천동 327-2),22.0,12.0,2022
강릉,632132,20220209,강원특별자치도 강릉시 경강로 2179(옥천동 327-2),27.5,13.5,2022
강릉,632132,20220210,강원특별자치도 강릉시 경강로 2179(옥천동 327-2),40.0,17.5,2022
강릉,632132,20220211,강원특별자치도 강릉시 경강로 2179(옥천동 327-2),35.5,17.5,2022
강릉,632132,20220212,강원특별자치도 강릉시 경강로 2179(옥천동 327-2),81.5,43.0,2022
강릉,632132,20220213,강원특별자치도 강릉시 경강로 2179(옥천동 327-2),49.0,29.0,2022
강릉,632132,20220214,강원특별자치도 강릉시 경강로 2179(옥천동 327-2),8.5,5.5,2022
강릉,632132,20220215,강원특별자치도 강릉시 경강로 2179(옥천동 327-2),42.0,26.5,2022
강릉,632132,20220216,강원특별자치도 강릉시 경강로 2179(옥천동 327-2),27.5,17.0,2022
강릉,632132,20220217,강원특별자치도 강릉시 경강로 2179(옥천동 327-2),43.0,15.0,2022
강릉,632132,20220218,강원특별자치도 강릉시 경강로 2179(옥천동 327-2),18.0,9.0,2022
강릉,632132,20220219,강원특별자치도 강릉시 경강로 2179(옥천동 327-2),39.0,15.5,2022
강릉,632132,20220220,강원특별자치도 강릉시 경강로 2179(옥천동 327-2),23.5,12.0,2022
강릉,632132,20220221,강원특별자치도 강릉시 경강로 2179(옥천동 327-2),20.5,6.0,2022
강릉,632132,20220222,강원특별자치도 강릉시 경강로 2179(옥천동 327-2),16.0,7.0,2022
강릉,632132,20220223,강원특별자치도 강릉시 경강로 2179(옥천동 327-2),,20.5,2022
강릉,632132,20220224,강원특별자치도 강릉시 경강로 2179(옥천동 327-2),,,2022
강릉,632132,20220225,강원특별자치도 강릉시 경강로 2179(옥천동 327-2),,29.5,2022
강릉,632132,20220226,강원특별자치도 강릉시 경강로 2179(옥천동 327-2),,49.0,2022
강릉,632132,20220227,강원특별자치도 강릉시 경강로 2179(옥천동 327-2),,21.0,2022
강릉,632132,20220228,강원특별자치도 강릉시 경강로 2179(옥천동 327-2),,16.5,2022
강릉,632131,20220302,강원특별자치도 강릉시 주문진읍 항구로 19,23.5,12.5,2022
강릉,632131,20220303,강원특별자치도 강릉시 주문진읍 항구로 19,37.0,15.0,2022
강릉,632131,20220304,강원특별자치도 강릉시 주문진읍 항구로 19,56.0,18.0,2022
강릉,632131,20220305,강원특별자치도 강릉시 주문진읍 항구로 19,187.0,9.5,2022
강릉,632131,20220306,강원특별자치도 강릉시 주문진읍 항구로 19,41.0,3.0,2022
강릉,632131,20220307,강원특별자치도 강릉시 주문진읍 항구로 19,51.0,13.5,2022
강릉,632131,20220308,강원특별자치도 강릉시 주문진읍 항구로 19,88.5,26.0,2022
강릉,632131,20220309,강원특별자치도 강릉시 주문진읍 항구로 19,71.0,30.5,2022
강릉,632131,20220310,강원특별자치도 강릉시 주문진읍 항구로 19,57.5,26.0,2022
강릉,632131,20220311,강원특별자치도 강릉시 주문진읍 항구로 19,53.5,17.0,2022
강릉,632131,20220312,강원특별자치도 강릉시 주문진읍 항구로 19,61.5,17.5,2022
강릉,632131,20220313,강원특별자치도 강릉시 주문진읍 항구로 19,6.5,3.5,2022
강릉,632131,20220314,강원특별자치도 강릉시 주문진읍 항구로 19,10.5,6.5,2022
강릉,632131,20220315,강원특별자치도 강릉시 주문진읍 항구로 19,22.0,9.0,2022
강릉,632131,20220316,강원특별자치도 강릉시 주문진읍 항구로 19,121.5,23.0,2022
강릉,632131,20220317,강원특별자치도 강릉시 주문진읍 항구로 19,24.5,4.5,2022
강릉,632131,20220318,강원특별자치도 강릉시 주문진읍 항구로 19,16.5,3.5,2022
강릉,632131,20220319,강원특별자치도 강릉시 주문진읍 항구로 19,25.0,16.0,2022
강릉,632131,20220320,강원특별자치도 강릉시 주문진읍 항구로 19,10.5,3.5,2022
강릉,632131,20220321,강원특별자치도 강릉시 주문진읍 항구로 19,23.0,9.0,2022
강릉,632131,20220322,강원특별자치도 강릉시 주문진읍 항구로 19,42.0,22.0,2022
강릉,632131,20220323,강원특별자치도 강릉시 주문진읍 항구로 19,47.0,19.0,2022
강릉,632131,20220324,강원특별자치도 강릉시 주문진읍 항구로 19,82.5,47.0,2022
강릉,632131,20220325,강원특별자치도 강릉시 주문진읍 항구로 19,65.0,31.5,2022
강릉,632131,20220326,강원특별자치도 강릉시 주문진읍 항구로 19,7.5,4.0,2022
강릉,632131,20220327,강원특별자치도 강릉시 주문진읍 항구로 19,40.0,8.0,2022
강릉,632131,20220328,강원특별자치도 강릉시 주문진읍 항구로 19,29.5,5.0,2022
강릉,632131,20220329,강원특별자치도 강릉시 주문진읍 항구로 19,26.0,8.5,2022
강릉,632131,20220330,강원특별자치도 강릉시 주문진읍 항구로 19,37.0,14.5,2022
강릉,632131,20220331,강원특별자치도 강릉시 주문진읍 항구로 19,9.5,8.0,2022
강릉,632132,20220301,강원특별자치도 강릉시 경강로 2179(옥천동 327-2),,8.5,2022
강릉,632132,20220302,강원특별자치도 강릉시 경강로 2179(옥천동 327-2),,17.0,2022
강릉,632132,20220303,강원특별자치도 강릉시 경강로 2179(옥천동 327-2),,17.0,2022
강릉,632132,20220304,강원특별자치도 강릉시 경강로 2179(옥천동 327-2),,15.5,2022
강릉,632132,20220305,강원특별자치도 강릉시 경강로 2179(옥천동 327-2),,12.0,2022
강릉,632132,20220306,강원특별자치도 강릉시 경강로 2179(옥천동 327-2),,7.5,2022
강릉,632132,20220307,강원특별자치도 강릉시 경강로 2179(옥천동 327-2),,14.0,2022
강릉,632132,20220308,강원특별자치도 강릉시 경강로 2179(옥천동 327-2),,24.5,2022
강릉,632132,20220309,강원특별자치도 강릉시 경강로 2179(옥천동 327-2),,41.0,2022
강릉,632132,20220310,강원특별자치도 강릉시 경강로 2179(옥천동 327-2),,23.5,2022
강릉,632132,20220311,강원특별자치도 강릉시 경강로 2179(옥천동 327-2),,23.0,2022
강릉,632132,20220312,강원특별자치도 강릉시 경강로 2179(옥천동 327-2),,31.5,2022
강릉,632132,20220313,강원특별자치도 강릉시 경강로 2179(옥천동 327-2),,9.0,2022
강릉,632132,20220314,강원특별자치도 강릉시 경강로 2179(옥천동 327-2),,6.5,2022
강릉,632132,20220315,강원특별자치도 강릉시 경강로 2179(옥천동 327-2),,,2022
강릉,632132,20220316,강원특별자치도 강릉시 경강로 2179(옥천동 327-2),,,2022
강릉,632132,20220317,강원특별자치도 강릉시 경강로 2179(옥천동 327-2),,,2022
강릉,632132,20220318,강원특별자치도 강릉시 경강로 2179(옥천동 327-2),,,2022
강릉,632132,20220319,강원특별자치도 강릉시 경강로 2179(옥천동 327-2),,,2022
강릉,632132,20220320,강원특별자치도 강릉시 경강로 2179(옥천동 327-2),,,2022
강릉,632132,20220321,강원특별자치도 강릉시 경강로 2179(옥천동 327-2),,,2022
강릉,632132,20220322,강원특별자치도 강릉시 경강로 2179(옥천동 327-2),,,2022
강릉,632132,20220323,강원특별자치도 강릉시 경강로 2179(옥천동 327-2),,,2022
강릉,632132,20220324,강원특별자치도 강릉시 경강로 2179(옥천동 327-2),,,2022
강릉,632132,20220325,강원특별자치도 강릉시 경강로 2179(옥천동 327-2),,,2022
강릉,632132,20220326,강원특별자치도 강릉시 경강로 2179(옥천동 327-2),,,2022
강릉,632132,20220327,강원특별자치도 강릉시 경강로 2179(옥천동 327-2),,,2022
강릉,632132,20220328,강원특별자치도 강릉시 경강로 2179(옥천동 327-2),,,2022
강릉,632132,20220329,강원특별자치도 강릉시 경강로 2179(옥천동 327-2),,,2022
강릉,632132,20220330,강원특별자치도 강릉시 경강로 2179(옥천동 327-2),,,2022
강릉,632132,20220331,강원특별자치도 강릉시 경강로 2179(옥천동 327-2),,,2022
강릉,632131,20220401,강원특별자치도 강릉시 주문진읍 항구로 19,22.5,6.5,2022
강릉,632131,20220402,강원특별자치도 강릉시 주문진읍 항구로 19,20.5,9.5,2022
강릉,632131,20220403,강원특별자치도 강릉시 주문진읍 항구로 19,33.5,13.5,2022
강릉,632131,20220404,강원특별자치도 강릉시 주문진읍 항구로 19,38.0,17.5,2022
강릉,632131,20220405,강원특별자치도 강릉시 주문진읍 항구로 19,29.5,10.0,2022
강릉,632131,20220406,강원특별자치도 강릉시 주문진읍 항구로 19,67.0,16.5,2022
강릉,632131,20220407,강원특별자치도 강릉시 주문진읍 항구로 19,51.0,9.5,2022
강릉,632131,20220408,강원특별자치도 강릉시 주문진읍 항구로 19,47.0,12.5,2022
강릉,632131,20220409,강원특별자치도 강릉시 주문진읍 항구로 19,123.5,22.5,2022
강릉,632131,20220410,강원특별자치도 강릉시 주문진읍 항구로 19,56.0,15.5,2022
강릉,632131,20220411,강원특별자치도 강릉시 주문진읍 항구로 19,27.0,11.5,2022
강릉,632131,20220412,강원특별자치도 강릉시 주문진읍 항구로 19,29.0,11.5,2022
강릉,632131,20220413,강원특별자치도 강릉시 주문진읍 항구로 19,13.5,5.5,2022
강릉,632131,20220414,강원특별자치도 강릉시 주문진읍 항구로 19,15.0,6.5,2022
강릉,632131,20220415,강원특별자치도 강릉시 주문진읍 항구로 19,11.0,5.5,2022
강릉,632131,20220416,강원특별자치도 강릉시 주문진읍 항구로 19,20.0,6.0,2022
강릉,632131,20220417,강원특별자치도 강릉시 주문진읍 항구로 19,27.5,6.0,2022
강릉,632131,20220418,강원특별자치도 강릉시 주문진읍 항구로 19,46.0,12.0,2022
강릉,632131,20220419,강원특별자치도 강릉시 주문진읍 항구로 19,55.0,26.0,2022
강릉,632131,20220420,강원특별자치도 강릉시 주문진읍 항구로 19,37.0,12.5,2022
강릉,632131,20220421,강원특별자치도 강릉시 주문진읍 항구로 19,,,2022
강릉,632131,20220422,강원특별자치도 강릉시 주문진읍 항구로 19,42.5,16.5,2022
강릉,632131,20220423,강원특별자치도 강릉시 주문진읍 항구로 19,38.5,12.5,2022
강릉,632131,20220424,강원특별자치도 강릉시 주문진읍 항구로 19,45.5,21.0,2022
강릉,632131,20220425,강원특별자치도 강릉시 주문진읍 항구로 19,62.0,21.5,2022
강릉,632131,20220426,강원특별자치도 강릉시 주문진읍 항구로 19,18.5,11.5,2022
강릉,632131,20220427,강원특별자치도 강릉시 주문진읍 항구로 19,209.5,15.5,2022
강릉,632131,20220428,강원특별자치도 강릉시 주문진읍 항구로 19,52.5,8.0,2022
강릉,632131,20220429,강원특별자치도 강릉시 주문진읍 항구로 19,6.0,4.0,2022
강릉,632131,20220430,강원특별자치도 강릉시 주문진읍 항구로 19,22.0,6.5,2022
강릉,632132,20220401,강원특별자치도 강릉시 경강로 2179(옥천동 327-2),,,2022
강릉,632132,20220402,강원특별자치도 강릉시 경강로 2179(옥천동 327-2),,,2022
강릉,632132,20220403,강원특별자치도 강릉시 경강로 2179(옥천동 327-2),,,2022
강릉,632132,20220404,강원특별자치도 강릉시 경강로 2179(옥천동 327-2),,,2022
강릉,632132,20220405,강원특별자치도 강릉시 경강로 2179(옥천동 327-2),,,2022
강릉,632132,20220406,강원특별자치도 강릉시 경강로 2179(옥천동 327-2),,,2022
강릉,632132,20220407,강원특별자치도 강릉시 경강로 2179(옥천동 327-2),,,2022
강릉,632132,20220408,강원특별자치도 강릉시 경강로 2179(옥천동 327-2),45.5,,2022
강릉,632132,20220409,강원특별자치도 강릉시 경강로 2179(옥천동 327-2),50.0,20.0,2022
강릉,632132,20220410,강원특별자치도 강릉시 경강로 2179(옥천동 327-2),50.0,16.0,2022
강릉,632132,20220411,강원특별자치도 강릉시 경강로 2179(옥천동 327-2),27.0,11.0,2022
강릉,632132,20220412,강원특별자치도 강릉시 경강로 2179(옥천동 327-2),33.5,15.0,2022
강릉,632132,20220413,강원특별자치도 강릉시 경강로 2179(옥천동 327-2),15.5,7.0,2022
강릉,632132,20220414,강원특별자치도 강릉시 경강로 2179(옥천동 327-2),13.5,6.5,2022
강릉,632132,20220415,강원특별자치도 강릉시 경강로 2179(옥천동 327-2),15.5,3.0,2022
강릉,632132,20220416,강원특별자치도 강릉시 경강로 2179(옥천동 327-2),17.0,6.5,2022
강릉,632132,20220417,강원특별자치도 강릉시 경강로 2179(옥천동 327-2),27.0,13.0,2022
강릉,632132,20220418,강원특별자치도 강릉시 경강로 2179(옥천동 327-2),41.0,19.0,2022
강릉,632132,20220419,강원특별자치도 강릉시 경강로 2179(옥천동 327-2),55.0,33.0,2022
강릉,632132,20220420,강원특별자치도 강릉시 경강로 2179(옥천동 327-2),40.5,20.5,2022
강릉,632132,20220421,강원특별자치도 강릉시 경강로 2179(옥천동 327-2),51.0,30.0,2022
강릉,632132,20220422,강원특별자치도 강릉시 경강로 2179(옥천동 327-2),35.5,19.0,2022
강릉,632132,20220423,강원특별자치도 강릉시 경강로 2179(옥천동 327-2),36.0,18.5,2022
강릉,632132,20220424,강원특별자치도 강릉시 경강로 2179(옥천동 327-2),54.0,27.0,2022
강릉,632132,20220425,강원특별자치도 강릉시 경강로 2179(옥천동 327-2),63.5,28.5,2022
강릉,632132,20220426,강원특별자치도 강릉시 경강로 2179(옥천동 327-2),16.5,8.0,2022
강릉,632132,20220427,강원특별자치도 강릉시 경강로 2179(옥천동 327-2),149.0,20.5,2022
강릉,632132,20220428,강원특별자치도 강릉시 경강로 2179(옥천동 327-2),59.5,13.0,2022
강릉,632132,20220429,강원특별자치도 강릉시 경강로 2179(옥천동 327-2),9.0,8.0,2022
강릉,632132,20220430,강원특별자치도 강릉시 경강로 2179(옥천동 327-2),20.0,5.0,2022
강릉,632131,20220501,강원특별자치도 강릉시 주문진읍 항구로 19,118.0,10.0,2022
강릉,632131,20220502,강원특별자치도 강릉시 주문진읍 항구로 19,25.0,8.5,2022
강릉,632131,20220503,강원특별자치도 강릉시 주문진읍 항구로 19,33.0,13.5,2022
강릉,632131,20220504,강원특별자치도 강릉시 주문진읍 항구로 19,38.0,11.5,2022
강릉,632131,20220505,강원특별자치도 강릉시 주문진읍 항구로 19,38.0,18.5,2022
강릉,632131,20220506,강원특별자치도 강릉시 주문진읍 항구로 19,30.5,12.0,2022
강릉,632131,20220507,강원특별자치도 강릉시 주문진읍 항구로 19,17.5,7.5,2022
강릉,632131,20220508,강원특별자치도 강릉시 주문진읍 항구로 19,24.5,7.0,2022
강릉,632131,20220509,강원특별자치도 강릉시 주문진읍 항구로 19,10.5,6.5,2022
강릉,632131,20220510,강원특별자치도 강릉시 주문진읍 항구로 19,23.5,8.5,2022
강릉,632131,20220511,강원특별자치도 강릉시 주문진읍 항구로 19,23.0,11.0,2022
강릉,632131,20220512,강원특별자치도 강릉시 주문진읍 항구로 19,34.0,11.5,2022
강릉,632131,20220513,강원특별자치도 강릉시 주문진읍 항구로 19,20.0,6.0,2022
강릉,632131,20220514,강원특별자치도 강릉시 주문진읍 항구로 19,30.5,7.0,2022
강릉,632131,20220515,강원특별자치도 강릉시 주문진읍 항구로 19,13.5,5.0,2022
강릉,632131,20220516,강원특별자치도 강릉시 주문진읍 항구로 19,19.5,7.0,2022
강릉,632131,20220517,강원특별자치도 강릉시 주문진읍 항구로 19,41.5,16.0,2022
강릉,632131,20220518,강원특별자치도 강릉시 주문진읍 항구로 19,48.5,16.0,2022
강릉,632131,20220519,강원특별자치도 강릉시 주문진읍 항구로 19,51.5,19.5,2022
강릉,632131,20220520,강원특별자치도 강릉시 주문진읍 항구로 19,29.5,12.0,2022
강릉,632131,20220521,강원특별자치도 강릉시 주문진읍 항구로 19,44.0,18.0,2022
강릉,632131,20220522,강원특별자치도 강릉시 주문진읍 항구로 19,47.0,17.5,2022
강릉,632131,20220523,강원특별자치도 강릉시 주문진읍 항구로 19,45.5,24.5,2022
강릉,632131,20220524,강원특별자치도 강릉시 주문진읍 항구로 19,53.0,22.5,2022
강릉,632131,20220525,강원특별자치도 강릉시 주문진읍 항구로 19,33.5,12.0,2022
강릉,632131,20220526,강원특별자치도 강릉시 주문진읍 항구로 19,13.0,4.0,2022
강릉,632131,20220527,강원특별자치도 강릉시 주문진읍 항구로 19,29.0,9.0,2022
강릉,632131,20220528,강원특별자치도 강릉시 주문진읍 항구로 19,26.0,7.5,2022
강릉,632131,20220529,강원특별자치도 강릉시 주문진읍 항구로 19,15.5,6.0,2022
강릉,632131,20220530,강원특별자치도 강릉시 주문진읍 항구로 19,23.5,12.0,2022
강릉,632131,20220531,강원특별자치도 강릉시 주문진읍 항구로 19,47.0,5.5,2022
강릉,632132,20220501,강원특별자치도 강릉시 경강로 2179(옥천동 327-2),77.5,14.0,2022
강릉,632132,20220502,강원특별자치도 강릉시 경강로 2179(옥천동 327-2),27.0,12.5,2022
강릉,632132,20220503,강원특별자치도 강릉시 경강로 2179(옥천동 327-2),36.5,22.5,2022
강릉,632132,20220504,강원특별자치도 강릉시 경강로 2179(옥천동 327-2),37.5,17.0,2022
강릉,632132,20220505,강원특별자치도 강릉시 경강로 2179(옥천동 327-2),36.0,22.0,2022
강릉,632132,20220506,강원특별자치도 강릉시 경강로 2179(옥천동 327-2),34.0,19.5,2022
강릉,632132,20220507,강원특별자치도 강릉시 경강로 2179(옥천동 327-2),25.5,13.0,2022
강릉,632132,20220508,강원특별자치도 강릉시 경강로 2179(옥천동 327-2),21.0,12.5,2022
강릉,632132,20220509,강원특별자치도 강릉시 경강로 2179(옥천동 327-2),14.0,8.0,2022
강릉,632132,20220510,강원특별자치도 강릉시 경강로 2179(옥천동 327-2),25.0,12.5,2022
강릉,632132,20220511,강원특별자치도 강릉시 경강로 2179(옥천동 327-2),,,2022
강릉,632132,20220512,강원특별자치도 강릉시 경강로 2179(옥천동 327-2),27.5,,2022
강릉,632132,20220513,강원특별자치도 강릉시 경강로 2179(옥천동 327-2),18.0,8.0,2022
강릉,632132,20220514,강원특별자치도 강릉시 경강로 2179(옥천동 327-2),20.5,8.0,2022
강릉,632132,20220515,강원특별자치도 강릉시 경강로 2179(옥천동 327-2),13.0,6.5,2022
강릉,632132,20220516,강원특별자치도 강릉시 경강로 2179(옥천동 327-2),16.5,4.5,2022
강릉,632132,20220517,강원특별자치도 강릉시 경강로 2179(옥천동 327-2),43.5,27.5,2022
강릉,632132,20220518,강원특별자치도 강릉시 경강로 2179(옥천동 327-2),,,2022
강릉,632132,20220519,강원특별자치도 강릉시 경강로 2179(옥천동 327-2),,,2022
강릉,632132,20220520,강원특별자치도 강릉시 경강로 2179(옥천동 327-2),27.5,19.5,2022
강릉,632132,20220521,강원특별자치도 강릉시 경강로 2179(옥천동 327-2),37.5,27.0,2022
강릉,632132,20220522,강원특별자치도 강릉시 경강로 2179(옥천동 327-2),36.5,25.0,2022
강릉,632132,20220523,강원특별자치도 강릉시 경강로 2179(옥천동 327-2),50.5,35.5,2022
강릉,632132,20220524,강원특별자치도 강릉시 경강로 2179(옥천동 327-2),59.0,38.0,2022
강릉,632132,20220525,강원특별자치도 강릉시 경강로 2179(옥천동 327-2),31.0,17.5,2022
강릉,632132,20220526,강원특별자치도 강릉시 경강로 2179(옥천동 327-2),11.0,11.5,2022
강릉,632132,20220527,강원특별자치도 강릉시 경강로 2179(옥천동 327-2),17.5,6.0,2022
강릉,632132,20220528,강원특별자치도 강릉시 경강로 2179(옥천동 327-2),34.0,11.0,2022
강릉,632132,20220529,강원특별자치도 강릉시 경강로 2179(옥천동 327-2),14.5,2.5,2022
강릉,632132,20220530,강원특별자치도 강릉시 경강로 2179(옥천동 327-2),24.0,9.0,2022
강릉,632132,20220531,강원특별자치도 강릉시 경강로 2179(옥천동 327-2),21.0,2.5,2022
강릉,632131,20220601,강원특별자치도 강릉시 주문진읍 항구로 19,31.0,8.0,2022
강릉,632131,20220602,강원특별자치도 강릉시 주문진읍 항구로 19,25.5,8.0,2022
강릉,632131,20220603,강원특별자치도 강릉시 주문진읍 항구로 19,22.5,8.5,2022
강릉,632131,20220604,강원특별자치도 강릉시 주문진읍 항구로 19,20.0,7.5,2022
강릉,632131,20220605,강원특별자치도 강릉시 주문진읍 항구로 19,25.0,6.0,2022
강릉,632131,20220606,강원특별자치도 강릉시 주문진읍 항구로 19,25.0,5.0,2022
강릉,632131,20220607,강원특별자치도 강릉시 주문진읍 항구로 19,25.0,8.0,2022
강릉,632131,20220608,강원특별자치도 강릉시 주문진읍 항구로 19,18.0,7.0,2022
강릉,632131,20220609,강원특별자치도 강릉시 주문진읍 항구로 19,26.5,11.0,2022
강릉,632131,20220610,강원특별자치도 강릉시 주문진읍 항구로 19,31.5,15.0,2022
강릉,632131,20220611,강원특별자치도 강릉시 주문진읍 항구로 19,32.0,15.5,2022
강릉,632131,20220612,강원특별자치도 강릉시 주문진읍 항구로 19,13.0,5.0,2022
강릉,632131,20220613,강원특별자치도 강릉시 주문진읍 항구로 19,15.0,4.5,2022
강릉,632131,20220614,강원특별자치도 강릉시 주문진읍 항구로 19,16.5,3.5,2022
강릉,632131,20220615,강원특별자치도 강릉시 주문진읍 항구로 19,12.5,6.0,2022
강릉,632131,20220616,강원특별자치도 강릉시 주문진읍 항구로 19,27.0,13.0,2022
강릉,632131,20220617,강원특별자치도 강릉시 주문진읍 항구로 19,20.5,9.5,2022
강릉,632131,20220618,강원특별자치도 강릉시 주문진읍 항구로 19,49.0,18.5,2022
강릉,632131,20220619,강원특별자치도 강릉시 주문진읍 항구로 19,44.0,24.0,2022
강릉,632131,20220620,강원특별자치도 강릉시 주문진읍 항구로 19,26.0,11.0,2022
강릉,632131,20220621,강원특별자치도 강릉시 주문진읍 항구로 19,28.0,13.0,2022
강릉,632131,20220622,강원특별자치도 강릉시 주문진읍 항구로 19,12.0,7.5,2022
강릉,632131,20220623,강원특별자치도 강릉시 주문진읍 항구로 19,9.0,6.5,2022
강릉,632131,20220624,강원특별자치도 강릉시 주문진읍 항구로 19,3.5,1.0,2022
강릉,632131,20220625,강원특별자치도 강릉시 주문진읍 항구로 19,18.5,7.0,2022
강릉,632131,20220626,강원특별자치도 강릉시 주문진읍 항구로 19,19.0,5.5,2022
강릉,632131,20220627,강원특별자치도 강릉시 주문진읍 항구로 19,5.5,1.0,2022
강릉,632131,20220628,강원특별자치도 강릉시 주문진읍 항구로 19,1.0,1.0,2022
강릉,632131,20220629,강원특별자치도 강릉시 주문진읍 항구로 19,4.5,1.0,2022
강릉,632131,20220630,강원특별자치도 강릉시 주문진읍 항구로 19,6.0,1.0,2022
강릉,632132,20220601,강원특별자치도 강릉시 경강로 2179(옥천동 327-2),23.0,5.0,2022
강릉,632132,20220602,강원특별자치도 강릉시 경강로 2179(옥천동 327-2),17.5,1.0,2022
강릉,632132,20220603,강원특별자치도 강릉시 경강로 2179(옥천동 327-2),24.0,7.5,2022
강릉,632132,20220604,강원특별자치도 강릉시 경강로 2179(옥천동 327-2),24.0,7.5,2022
강릉,632132,20220605,강원특별자치도 강릉시 경강로 2179(옥천동 327-2),17.5,3.0,2022
강릉,632132,20220606,강원특별자치도 강릉시 경강로 2179(옥천동 327-2),10.5,1.0,2022
강릉,632132,20220607,강원특별자치도 강릉시 경강로 2179(옥천동 327-2),25.5,4.0,2022
강릉,632132,20220608,강원특별자치도 강릉시 경강로 2179(옥천동 327-2),25.5,4.5,2022
강릉,632132,20220609,강원특별자치도 강릉시 경강로 2179(옥천동 327-2),,,2022
강릉,632132,20220610,강원특별자치도 강릉시 경강로 2179(옥천동 327-2),45.0,19.0,2022
강릉,632132,20220611,강원특별자치도 강릉시 경강로 2179(옥천동 327-2),33.5,21.5,2022
강릉,632132,20220612,강원특별자치도 강릉시 경강로 2179(옥천동 327-2),12.5,6.0,2022
강릉,632132,20220613,강원특별자치도 강릉시 경강로 2179(옥천동 327-2),23.5,4.5,2022
강릉,632132,20220614,강원특별자치도 강릉시 경강로 2179(옥천동 327-2),15.5,5.0,2022
강릉,632132,20220615,강원특별자치도 강릉시 경강로 2179(옥천동 327-2),10.0,1.0,2022
강릉,632132,20220616,강원특별자치도 강릉시 경강로 2179(옥천동 327-2),38.5,14.0,2022
강릉,632132,20220617,강원특별자치도 강릉시 경강로 2179(옥천동 327-2),22.5,11.0,2022
강릉,632132,20220618,강원특별자치도 강릉시 경강로 2179(옥천동 327-2),31.0,16.0,2022
강릉,632132,20220619,강원특별자치도 강릉시 경강로 2179(옥천동 327-2),26.0,16.5,2022
강릉,632132,20220620,강원특별자치도 강릉시 경강로 2179(옥천동 327-2),29.0,15.5,2022
강릉,632132,20220621,강원특별자치도 강릉시 경강로 2179(옥천동 327-2),36.0,20.5,2022
강릉,632132,20220622,강원특별자치도 강릉시 경강로 2179(옥천동 327-2),27.5,15.0,2022
강릉,632132,20220623,강원특별자치도 강릉시 경강로 2179(옥천동 327-2),28.0,10.0,2022
강릉,632132,20220624,강원특별자치도 강릉시 경강로 2179(옥천동 327-2),18.0,4.0,2022
강릉,632132,20220625,강원특별자치도 강릉시 경강로 2179(옥천동 327-2),20.5,13.5,2022
강릉,632132,20220626,강원특별자치도 강릉시 경강로 2179(옥천동 327-2),35.0,14.5,2022
강릉,632132,20220627,강원특별자치도 강릉시 경강로 2179(옥천동 327-2),24.0,6.5,2022
강릉,632132,20220628,강원특별자치도 강릉시 경강로 2179(옥천동 327-2),13.5,2.0,2022
강릉,632132,20220629,강원특별자치도 강릉시 경강로 2179(옥천동 327-2),9.0,3.0,2022
강릉,632132,20220630,강원특별자치도 강릉시 경강로 2179(옥천동 327-2),11.5,3.5,2022
강릉,632131,20220701,강원특별자치도 강릉시 주문진읍 항구로 19,7.5,1.0,2022
강릉,632131,20220702,강원특별자치도 강릉시 주문진읍 항구로 19,12.5,1.0,2022
강릉,632131,20220703,강원특별자치도 강릉시 주문진읍 항구로 19,13.5,5.5,2022
강릉,632131,20220704,강원특별자치도 강릉시 주문진읍 항구로 19,21.0,12.5,2022
강릉,632131,20220705,강원특별자치도 강릉시 주문진읍 항구로 19,30.0,12.5,2022
강릉,632131,20220706,강원특별자치도 강릉시 주문진읍 항구로 19,1.0,1.0,2022
강릉,632131,20220707,강원특별자치도 강릉시 주문진읍 항구로 19,,,2022
강릉,632131,20220708,강원특별자치도 강릉시 주문진읍 항구로 19,9.0,1.0,2022
강릉,632131,20220709,강원특별자치도 강릉시 주문진읍 항구로 19,8.0,1.0,2022
강릉,632131,20220710,강원특별자치도 강릉시 주문진읍 항구로 19,3.0,1.0,2022
강릉,632131,20220711,강원특별자치도 강릉시 주문진읍 항구로 19,8.0,1.0,2022
강릉,632131,20220712,강원특별자치도 강릉시 주문진읍 항구로 19,5.0,1.0,2022
강릉,632131,20220713,강원특별자치도 강릉시 주문진읍 항구로 19,11.5,1.0,2022
강릉,632131,20220714,강원특별자치도 강릉시 주문진읍 항구로 19,6.5,1.0,2022
강릉,632131,20220715,강원특별자치도 강릉시 주문진읍 항구로 19,14.0,1.5,2022
강릉,632131,20220716,강원특별자치도 강릉시 주문진읍 항구로 19,22.0,6.0,2022
강릉,632131,20220717,강원특별자치도 강릉시 주문진읍 항구로 19,14.5,2.5,2022
강릉,632131,20220718,강원특별자치도 강릉시 주문진읍 항구로 19,17.0,4.0,2022
강릉,632131,20220719,강원특별자치도 강릉시 주문진읍 항구로 19,13.5,6.0,2022
강릉,632131,20220720,강원특별자치도 강릉시 주문진읍 항구로 19,23.0,9.0,2022
강릉,632131,20220721,강원특별자치도 강릉시 주문진읍 항구로 19,13.0,4.0,2022
강릉,632131,20220722,강원특별자치도 강릉시 주문진읍 항구로 19,,1.0,2022
강릉,632131,20220723,강원특별자치도 강릉시 주문진읍 항구로 19,7.5,2.5,2022
강릉,632131,20220724,강원특별자치도 강릉시 주문진읍 항구로 19,10.5,6.5,2022
강릉,632131,20220725,강원특별자치도 강릉시 주문진읍 항구로 19,4.0,1.5,2022
강릉,632131,20220726,강원특별자치도 강릉시 주문진읍 항구로 19,16.0,6.0,2022
강릉,632131,20220727,강원특별자치도 강릉시 주문진읍 항구로 19,22.5,10.0,2022
강릉,632131,20220728,강원특별자치도 강릉시 주문진읍 항구로 19,5.5,3.5,2022
강릉,632131,20220729,강원특별자치도 강릉시 주문진읍 항구로 19,10.0,7.5,2022
강릉,632131,20220730,강원특별자치도 강릉시 주문진읍 항구로 19,7.5,3.5,2022
강릉,632131,20220731,강원특별자치도 강릉시 주문진읍 항구로 19,14.0,5.0,2022
강릉,632132,20220701,강원특별자치도 강릉시 경강로 2179(옥천동 327-2),19.0,5.0,2022
강릉,632132,20220702,강원특별자치도 강릉시 경강로 2179(옥천동 327-2),27.5,13.0,2022
강릉,632132,20220703,강원특별자치도 강릉시 경강로 2179(옥천동 327-2),33.5,23.0,2022
강릉,632132,20220704,강원특별자치도 강릉시 경강로 2179(옥천동 327-2),38.0,26.0,2022
강릉,632132,20220705,강원특별자치도 강릉시 경강로 2179(옥천동 327-2),42.0,34.5,2022
강릉,632132,20220706,강원특별자치도 강릉시 경강로 2179(옥천동 327-2),17.0,12.5,2022
강릉,632132,20220707,강원특별자치도 강릉시 경강로 2179(옥천동 327-2),34.0,10.5,2022
강릉,632132,20220708,강원특별자치도 강릉시 경강로 2179(옥천동 327-2),21.0,7.0,2022
강릉,632132,20220709,강원특별자치도 강릉시 경강로 2179(옥천동 327-2),17.5,2.5,2022
강릉,632132,20220710,강원특별자치도 강릉시 경강로 2179(옥천동 327-2),13.5,4.0,2022
강릉,632132,20220711,강원특별자치도 강릉시 경강로 2179(옥천동 327-2),10.5,3.5,2022
강릉,632132,20220712,강원특별자치도 강릉시 경강로 2179(옥천동 327-2),14.5,2.5,2022
강릉,632132,20220713,강원특별자치도 강릉시 경강로 2179(옥천동 327-2),19.5,8.0,2022
강릉,632132,20220714,강원특별자치도 강릉시 경강로 2179(옥천동 327-2),12.5,5.0,2022
강릉,632132,20220715,강원특별자치도 강릉시 경강로 2179(옥천동 327-2),26.0,12.0,2022
강릉,632132,20220716,강원특별자치도 강릉시 경강로 2179(옥천동 327-2),39.5,18.0,2022
강릉,632132,20220717,강원특별자치도 강릉시 경강로 2179(옥천동 327-2),25.0,18.0,2022
강릉,632132,20220718,강원특별자치도 강릉시 경강로 2179(옥천동 327-2),30.0,15.5,2022
강릉,632132,20220719,강원특별자치도 강릉시 경강로 2179(옥천동 327-2),29.5,19.0,2022
강릉,632132,20220720,강원특별자치도 강릉시 경강로 2179(옥천동 327-2),28.0,18.5,2022
강릉,632132,20220721,강원특별자치도 강릉시 경강로 2179(옥천동 327-2),17.0,12.0,2022
강릉,632132,20220722,강원특별자치도 강릉시 경강로 2179(옥천동 327-2),2.0,1.0,2022
강릉,632132,20220723,강원특별자치도 강릉시 경강로 2179(옥천동 327-2),17.5,3.5,2022
강릉,632132,20220724,강원특별자치도 강릉시 경강로 2179(옥천동 327-2),17.5,4.0,2022
강릉,632132,20220725,강원특별자치도 강릉시 경강로 2179(옥천동 327-2),12.5,1.0,2022
강릉,632132,20220726,강원특별자치도 강릉시 경강로 2179(옥천동 327-2),25.5,7.0,2022
강릉,632132,20220727,강원특별자치도 강릉시 경강로 2179(옥천동 327-2),28.5,12.0,2022
강릉,632132,20220728,강원특별자치도 강릉시 경강로 2179(옥천동 327-2),22.0,4.5,2022
강릉,632132,20220729,강원특별자치도 강릉시 경강로 2179(옥천동 327-2),45.0,26.0,2022
강릉,632132,20220730,강원특별자치도 강릉시 경강로 2179(옥천동 327-2),22.5,11.5,2022
강릉,632132,20220731,강원특별자치도 강릉시 경강로 2179(옥천동 327-2),22.0,10.0,2022
강릉,632131,20220801,강원특별자치도 강릉시 주문진읍 항구로 19,9.5,3.0,2022
강릉,632131,20220802,강원특별자치도 강릉시 주문진읍 항구로 19,5.5,4.0,2022
강릉,632131,20220803,강원특별자치도 강릉시 주문진읍 항구로 19,5.5,1.0,2022
강릉,632131,20220804,강원특별자치도 강릉시 주문진읍 항구로 19,5.5,1.0,2022
강릉,632131,20220805,강원특별자치도 강릉시 주문진읍 항구로 19,6.5,5.5,2022
강릉,632131,20220806,강원특별자치도 강릉시 주문진읍 항구로 19,24.5,11.0,2022
강릉,632131,20220807,강원특별자치도 강릉시 주문진읍 항구로 19,28.0,15.0,2022
강릉,632131,20220808,강원특별자치도 강릉시 주문진읍 항구로 19,8.0,5.5,2022
강릉,632131,20220809,강원특별자치도 강릉시 주문진읍 항구로 19,2.0,2.0,2022
강릉,632131,20220810,강원특별자치도 강릉시 주문진읍 항구로 19,,,2022
강릉,632131,20220811,강원특별자치도 강릉시 주문진읍 항구로 19,,,2022
강릉,632131,20220812,강원특별자치도 강릉시 주문진읍 항구로 19,9.5,6.5,2022
강릉,632131,20220813,강원특별자치도 강릉시 주문진읍 항구로 19,19.5,17.5,2022
강릉,632131,20220814,강원특별자치도 강릉시 주문진읍 항구로 19,17.5,16.0,2022
강릉,632131,20220815,강원특별자치도 강릉시 주문진읍 항구로 19,19.5,12.0,2022
강릉,632131,20220816,강원특별자치도 강릉시 주문진읍 항구로 19,15.0,7.5,2022
강릉,632131,20220817,강원특별자치도 강릉시 주문진읍 항구로 19,11.0,8.5,2022
강릉,632131,20220818,강원특별자치도 강릉시 주문진읍 항구로 19,12.0,13.0,2022
강릉,632131,20220819,강원특별자치도 강릉시 주문진읍 항구로 19,19.5,16.5,2022
강릉,632131,20220820,강원특별자치도 강릉시 주문진읍 항구로 19,24.0,19.5,2022
강릉,632131,20220821,강원특별자치도 강릉시 주문진읍 항구로 19,24.0,13.5,2022
강릉,632131,20220822,강원특별자치도 강릉시 주문진읍 항구로 19,27.5,16.0,2022
강릉,632131,20220823,강원특별자치도 강릉시 주문진읍 항구로 19,23.0,17.5,2022
강릉,632131,20220824,강원특별자치도 강릉시 주문진읍 항구로 19,21.0,14.5,2022
강릉,632131,20220825,강원특별자치도 강릉시 주문진읍 항구로 19,28.5,13.0,2022
강릉,632131,20220826,강원특별자치도 강릉시 주문진읍 항구로 19,25.5,19.0,2022
강릉,632131,20220827,강원특별자치도 강릉시 주문진읍 항구로 19,29.5,13.5,2022
강릉,632131,20220828,강원특별자치도 강릉시 주문진읍 항구로 19,22.0,14.0,2022
강릉,632131,20220829,강원특별자치도 강릉시 주문진읍 항구로 19,17.0,11.5,2022
강릉,632131,20220830,강원특별자치도 강릉시 주문진읍 항구로 19,11.0,8.5,2022
강릉,632131,20220831,강원특별자치도 강릉시 주문진읍 항구로 19,6.5,8.0,2022
강릉,632132,20220801,강원특별자치도 강릉시 경강로 2179(옥천동 327-2),16.5,4.5,2022
강릉,632132,20220802,강원특별자치도 강릉시 경강로 2179(옥천동 327-2),17.0,15.0,2022
강릉,632132,20220803,강원특별자치도 강릉시 경강로 2179(옥천동 327-2),10.5,3.0,2022
강릉,632132,20220804,강원특별자치도 강릉시 경강로 2179(옥천동 327-2),15.0,7.0,2022
강릉,632132,20220805,강원특별자치도 강릉시 경강로 2179(옥천동 327-2),13.0,14.5,2022
강릉,632132,20220806,강원특별자치도 강릉시 경강로 2179(옥천동 327-2),30.5,28.5,2022
강릉,632132,20220807,강원특별자치도 강릉시 경강로 2179(옥천동 327-2),30.5,25.0,2022
강릉,632132,20220808,강원특별자치도 강릉시 경강로 2179(옥천동 327-2),19.5,15.5,2022
강릉,632132,20220809,강원특별자치도 강릉시 경강로 2179(옥천동 327-2),5.5,7.0,2022
강릉,632132,20220810,강원특별자치도 강릉시 경강로 2179(옥천동 327-2),4.0,4.0,2022
강릉,632132,20220811,강원특별자치도 강릉시 경강로 2179(옥천동 327-2),6.0,4.5,2022
강릉,632132,20220812,강원특별자치도 강릉시 경강로 2179(옥천동 327-2),20.0,9.5,2022
강릉,632132,20220813,강원특별자치도 강릉시 경강로 2179(옥천동 327-2),24.5,14.5,2022
강릉,632132,20220814,강원특별자치도 강릉시 경강로 2179(옥천동 327-2),20.0,16.0,2022
강릉,632132,20220815,강원특별자치도 강릉시 경강로 2179(옥천동 327-2),20.5,14.5,2022
강릉,632132,20220816,강원특별자치도 강릉시 경강로 2179(옥천동 327-2),21.0,13.0,2022
강릉,632132,20220817,강원특별자치도 강릉시 경강로 2179(옥천동 327-2),13.5,5.0,2022
강릉,632132,20220818,강원특별자치도 강릉시 경강로 2179(옥천동 327-2),15.0,9.5,2022
강릉,632132,20220819,강원특별자치도 강릉시 경강로 2179(옥천동 327-2),19.5,11.0,2022
강릉,632132,20220820,강원특별자치도 강릉시 경강로 2179(옥천동 327-2),23.0,14.0,2022
강릉,632132,20220821,강원특별자치도 강릉시 경강로 2179(옥천동 327-2),24.5,13.5,2022
강릉,632132,20220822,강원특별자치도 강릉시 경강로 2179(옥천동 327-2),28.0,16.5,2022
강릉,632132,20220823,강원특별자치도 강릉시 경강로 2179(옥천동 327-2),19.0,13.0,2022
강릉,632132,20220824,강원특별자치도 강릉시 경강로 2179(옥천동 327-2),18.0,8.0,2022
강릉,632132,20220825,강원특별자치도 강릉시 경강로 2179(옥천동 327-2),15.5,8.0,2022
강릉,632132,20220826,강원특별자치도 강릉시 경강로 2179(옥천동 327-2),22.0,11.5,2022
강릉,632132,20220827,강원특별자치도 강릉시 경강로 2179(옥천동 327-2),17.0,9.5,2022
강릉,632132,20220828,강원특별자치도 강릉시 경강로 2179(옥천동 327-2),12.0,1.0,2022
강릉,632132,20220829,강원특별자치도 강릉시 경강로 2179(옥천동 327-2),17.5,1.0,2022
강릉,632132,20220830,강원특별자치도 강릉시 경강로 2179(옥천동 327-2),9.0,3.5,2022
강릉,632132,20220831,강원특별자치도 강릉시 경강로 2179(옥천동 327-2),3.5,1.0,2022
강릉,632131,20220901,강원특별자치도 강릉시 주문진읍 항구로 19,18.0,11.0,2022
강릉,632131,20220902,강원특별자치도 강릉시 주문진읍 항구로 19,19.0,11.5,2022
강릉,632131,20220903,강원특별자치도 강릉시 주문진읍 항구로 19,23.5,12.5,2022
강릉,632131,20220904,강원특별자치도 강릉시 주문진읍 항구로 19,13.5,14.0,2022
강릉,632131,20220905,강원특별자치도 강릉시 주문진읍 항구로 19,16.0,14.5,2022
강릉,632131,20220906,강원특별자치도 강릉시 주문진읍 항구로 19,,,2022
강릉,632131,20220907,강원특별자치도 강릉시 주문진읍 항구로 19,,,2022
강릉,632131,20220908,강원특별자치도 강릉시 주문진읍 항구로 19,,,2022
강릉,632131,20220909,강원특별자치도 강릉시 주문진읍 항구로 19,,,2022
강릉,632131,20220910,강원특별자치도 강릉시 주문진읍 항구로 19,,,2022
강릉,632131,20220911,강원특별자치도 강릉시 주문진읍 항구로 19,,,2022
강릉,632131,20220912,강원특별자치도 강릉시 주문진읍 항구로 19,,,2022
강릉,632131,20220913,강원특별자치도 강릉시 주문진읍 항구로 19,,,2022
강릉,632131,20220914,강원특별자치도 강릉시 주문진읍 항구로 19,,,2022
강릉,632131,20220915,강원특별자치도 강릉시 주문진읍 항구로 19,,,2022
강릉,632131,20220916,강원특별자치도 강릉시 주문진읍 항구로 19,23.0,1.5,2022
강릉,632131,20220917,강원특별자치도 강릉시 주문진읍 항구로 19,12.0,2.0,2022
강릉,632131,20220918,강원특별자치도 강릉시 주문진읍 항구로 19,23.5,5.0,2022
강릉,632131,20220919,강원특별자치도 강릉시 주문진읍 항구로 19,42.0,10.5,2022
강릉,632131,20220920,강원특별자치도 강릉시 주문진읍 항구로 19,48.5,10.0,2022
강릉,632131,20220921,강원특별자치도 강릉시 주문진읍 항구로 19,29.0,5.0,2022
강릉,632131,20220922,강원특별자치도 강릉시 주문진읍 항구로 19,15.5,7.5,2022
강릉,632131,20220923,강원특별자치도 강릉시 주문진읍 항구로 19,21.0,8.0,2022
강릉,632131,20220924,강원특별자치도 강릉시 주문진읍 항구로 19,25.0,5.5,2022
강릉,632131,20220925,강원특별자치도 강릉시 주문진읍 항구로 19,19.0,11.0,2022
강릉,632131,20220926,강원특별자치도 강릉시 주문진읍 항구로 19,17.0,4.0,2022
강릉,632131,20220927,강원특별자치도 강릉시 주문진읍 항구로 19,20.5,4.5,2022
강릉,632131,20220928,강원특별자치도 강릉시 주문진읍 항구로 19,17.0,5.5,2022
강릉,632131,20220929,강원특별자치도 강릉시 주문진읍 항구로 19,22.0,6.0,2022
강릉,632131,20220930,강원특별자치도 강릉시 주문진읍 항구로 19,26.0,7.0,2022
강릉,632132,20220901,강원특별자치도 강릉시 경강로 2179(옥천동 327-2),14.0,1.0,2022
강릉,632132,20220902,강원특별자치도 강릉시 경강로 2179(옥천동 327-2),22.0,5.5,2022
강릉,632132,20220903,강원특별자치도 강릉시 경강로 2179(옥천동 327-2),24.0,1.0,2022
강릉,632132,20220904,강원특별자치도 강릉시 경강로 2179(옥천동 327-2),10.5,2.5,2022
강릉,632132,20220905,강원특별자치도 강릉시 경강로 2179(옥천동 327-2),9.0,4.5,2022
강릉,632132,20220906,강원특별자치도 강릉시 경강로 2179(옥천동 327-2),15.5,5.0,2022
강릉,632132,20220907,강원특별자치도 강릉시 경강로 2179(옥천동 327-2),20.5,8.0,2022
강릉,632132,20220908,강원특별자치도 강릉시 경강로 2179(옥천동 327-2),21.0,9.5,2022
강릉,632132,20220909,강원특별자치도 강릉시 경강로 2179(옥천동 327-2),15.5,9.5,2022
강릉,632132,20220910,강원특별자치도 강릉시 경강로 2179(옥천동 327-2),15.0,6.5,2022
강릉,632132,20220911,강원특별자치도 강릉시 경강로 2179(옥천동 327-2),21.0,15.5,2022
강릉,632132,20220912,강원특별자치도 강릉시 경강로 2179(옥천동 327-2),14.5,10.5,2022
강릉,632132,20220913,강원특별자치도 강릉시 경강로 2179(옥천동 327-2),25.5,13.0,2022
강릉,632132,20220914,강원특별자치도 강릉시 경강로 2179(옥천동 327-2),24.0,12.5,2022
강릉,632132,20220915,강원특별자치도 강릉시 경강로 2179(옥천동 327-2),24.0,,2022
강릉,632132,20220916,강원특별자치도 강릉시 경강로 2179(옥천동 327-2),,,2022
강릉,632132,20220917,강원특별자치도 강릉시 경강로 2179(옥천동 327-2),25.0,4.0,2022
강릉,632132,20220918,강원특별자치도 강릉시 경강로 2179(옥천동 327-2),21.0,3.0,2022
강릉,632132,20220919,강원특별자치도 강릉시 경강로 2179(옥천동 327-2),47.0,12.5,2022
강릉,632132,20220920,강원특별자치도 강릉시 경강로 2179(옥천동 327-2),31.0,9.0,2022
강릉,632132,20220921,강원특별자치도 강릉시 경강로 2179(옥천동 327-2),24.0,8.0,2022
강릉,632132,20220922,강원특별자치도 강릉시 경강로 2179(옥천동 327-2),13.5,1.0,2022
강릉,632132,20220923,강원특별자치도 강릉시 경강로 2179(옥천동 327-2),22.5,6.5,2022
강릉,632132,20220924,강원특별자치도 강릉시 경강로 2179(옥천동 327-2),14.5,6.0,2022
강릉,632132,20220925,강원특별자치도 강릉시 경강로 2179(옥천동 327-2),20.5,9.0,2022
강릉,632132,20220926,강원특별자치도 강릉시 경강로 2179(옥천동 327-2),16.0,5.0,2022
강릉,632132,20220927,강원특별자치도 강릉시 경강로 2179(옥천동 327-2),20.5,6.0,2022
강릉,632132,20220928,강원특별자치도 강릉시 경강로 2179(옥천동 327-2),20.0,9.0,2022
강릉,632132,20220929,강원특별자치도 강릉시 경강로 2179(옥천동 327-2),,,2022
강릉,632132,20220930,강원특별자치도 강릉시 경강로 2179(옥천동 327-2),29.5,9.5,2022
